url,md5,Data collection,Data type,Analysis group,Sample,Population,Data reuse policy
ftp://ftp.sra.ebi.ac.uk/vol1/fastq/SRR071/SRR071127/SRR071127_2.fastq.gz,7bbc90ea94354ed0bcd63835eb7592d9,1000 Genomes on GRCh38,sequence,Exome,NA18970,"Japanese in Tokyo, Japan",http://www.1000genomes.org/about#g1k_data_reuse
ftp://ftp.sra.ebi.ac.uk/vol1/fastq/SRR071/SRR071134/SRR071134_2.fastq.gz,cd03b64161073d25d543f6a907a47dc7,1000 Genomes on GRCh38,sequence,Exome,NA19085,"Japanese in Tokyo, Japan",http://www.1000genomes.org/about#g1k_data_reuse
ftp://ftp.sra.ebi.ac.uk/vol1/fastq/SRR071/SRR071166/SRR071166_1.fastq.gz,98a535ccd0bb9448816e453dffb2e171,1000 Genomes on GRCh38,sequence,Exome,NA19077,"Japanese in Tokyo, Japan",http://www.1000genomes.org/about#g1k_data_reuse
ftp://ftp.sra.ebi.ac.uk/vol1/fastq/SRR071/SRR071169/SRR071169_2.fastq.gz,3c027c6a8f0b5c8cb538890a16ee7396,1000 Genomes on GRCh38,sequence,Exome,NA19080,"Japanese in Tokyo, Japan",http://www.1000genomes.org/about#g1k_data_reuse
ftp://ftp.sra.ebi.ac.uk/vol1/fastq/SRR071/SRR071175/SRR071175_2.fastq.gz,70f2482b85e0b6da630abaae42184f04,1000 Genomes on GRCh38,sequence,Exome,NA18966,"Japanese in Tokyo, Japan",http://www.1000genomes.org/about#g1k_data_reuse
ftp://ftp.sra.ebi.ac.uk/vol1/fastq/SRR071/SRR071180/SRR071180_1.fastq.gz,00ae2278e6857fec124366f05fe6c4cb,1000 Genomes on GRCh38,sequence,Exome,NA18966,"Japanese in Tokyo, Japan",http://www.1000genomes.org/about#g1k_data_reuse
ftp://ftp.sra.ebi.ac.uk/vol1/fastq/SRR071/SRR071192/SRR071192_2.fastq.gz,45620ba2ab10765b4204903f64f0a7b7,1000 Genomes on GRCh38,sequence,Exome,NA18967,"Japanese in Tokyo, Japan",http://www.1000genomes.org/about#g1k_data_reuse
ftp://ftp.sra.ebi.ac.uk/vol1/fastq/SRR071/SRR071196/SRR071196_1.fastq.gz,c9da87c26cdc0f0ab84fc7a2635730e2,1000 Genomes on GRCh38,sequence,Exome,NA18967,"Japanese in Tokyo, Japan",http://www.1000genomes.org/about#g1k_data_reuse
ftp://ftp.sra.ebi.ac.uk/vol1/fastq/SRR077/SRR077436/SRR077436_1.fastq.gz,682651951ae054cb61df45832290620f,1000 Genomes on GRCh38,sequence,Exome,NA19072,"Japanese in Tokyo, Japan",http://www.1000genomes.org/about#g1k_data_reuse
ftp://ftp.sra.ebi.ac.uk/vol1/fastq/SRR077/SRR077451/SRR077451_2.fastq.gz,b6e0b903132a8c63cbf160ddda27093f,1000 Genomes on GRCh38,sequence,Exome,NA18976,"Japanese in Tokyo, Japan",http://www.1000genomes.org/about#g1k_data_reuse
ftp://ftp.sra.ebi.ac.uk/vol1/fastq/SRR077/SRR077473/SRR077473_1.fastq.gz,9cf43b0764b675b202fd2217264a1ba7,1000 Genomes on GRCh38,sequence,Exome,NA19081,"Japanese in Tokyo, Japan",http://www.1000genomes.org/about#g1k_data_reuse
ftp://ftp.sra.ebi.ac.uk/vol1/fastq/SRR077/SRR077480/SRR077480_1.fastq.gz,4377647c6cbf5d0c0d15d8ed152ceb5d,1000 Genomes on GRCh38,sequence,Exome,NA18968,"Japanese in Tokyo, Japan",http://www.1000genomes.org/about#g1k_data_reuse
ftp://ftp.sra.ebi.ac.uk/vol1/fastq/SRR077/SRR077486/SRR077486_1.fastq.gz,a5d6ab6f39237e8b01e09e242608e519,1000 Genomes on GRCh38,sequence,Exome,NA18990,"Japanese in Tokyo, Japan",http://www.1000genomes.org/about#g1k_data_reuse
ftp://ftp.sra.ebi.ac.uk/vol1/fastq/SRR077/SRR077757/SRR077757_1.fastq.gz,3edbacc829a5da94b7af48fb19ee88cc,1000 Genomes on GRCh38,sequence,Exome,NA18976,"Japanese in Tokyo, Japan",http://www.1000genomes.org/about#g1k_data_reuse
ftp://ftp.sra.ebi.ac.uk/vol1/fastq/SRR077/SRR077855/SRR077855_1.fastq.gz,ed81112604a32e842273d45164251a91,1000 Genomes on GRCh38,sequence,Exome,NA18991,"Japanese in Tokyo, Japan",http://www.1000genomes.org/about#g1k_data_reuse
ftp://ftp.sra.ebi.ac.uk/vol1/fastq/SRR077/SRR077861/SRR077861_1.fastq.gz,8f18668f08b1922589adeded11f2f3ce,1000 Genomes on GRCh38,sequence,Exome,NA18973,"Japanese in Tokyo, Japan",http://www.1000genomes.org/about#g1k_data_reuse
ftp://ftp.sra.ebi.ac.uk/vol1/fastq/SRR078/SRR078842/SRR078842_1.fastq.gz,5791fe192dcd67cc03eb0494e50c2bf4,1000 Genomes on GRCh38,sequence,Exome,NA18971,"Japanese in Tokyo, Japan",http://www.1000genomes.org/about#g1k_data_reuse
ftp://ftp.sra.ebi.ac.uk/vol1/fastq/SRR078/SRR078848/SRR078848_1.fastq.gz,428a93b7fc8040a8ecb132142b1f25bc,1000 Genomes on GRCh38,sequence,Exome,NA19079,"Japanese in Tokyo, Japan",http://www.1000genomes.org/about#g1k_data_reuse
ftp://ftp.sra.ebi.ac.uk/vol1/fastq/SRR081/SRR081255/SRR081255_1.fastq.gz,b261c922c97a73d5e80adef47d2c7547,1000 Genomes on GRCh38,sequence,Exome,NA18972,"Japanese in Tokyo, Japan",http://www.1000genomes.org/about#g1k_data_reuse
ftp://ftp.sra.ebi.ac.uk/vol1/fastq/SRR081/SRR081257/SRR081257_2.fastq.gz,da33ae14c03b0096ffef1f02dc9ce759,1000 Genomes on GRCh38,sequence,Exome,NA19081,"Japanese in Tokyo, Japan",http://www.1000genomes.org/about#g1k_data_reuse
ftp://ftp.sra.ebi.ac.uk/vol1/fastq/SRR098/SRR098422/SRR098422_1.fastq.gz,3267f60c11fd625e02c62cfe2050db9b,1000 Genomes on GRCh38,sequence,Exome,NA18985,"Japanese in Tokyo, Japan",http://www.1000genomes.org/about#g1k_data_reuse
ftp://ftp.sra.ebi.ac.uk/vol1/fastq/SRR098/SRR098424/SRR098424_2.fastq.gz,d65e26b0225ae072f5b713e24f33458e,1000 Genomes on GRCh38,sequence,Exome,NA18985,"Japanese in Tokyo, Japan",http://www.1000genomes.org/about#g1k_data_reuse
ftp://ftp.sra.ebi.ac.uk/vol1/fastq/SRR098/SRR098428/SRR098428_1.fastq.gz,00acc17f603c73adf5b772dd1be7e4f0,1000 Genomes on GRCh38,sequence,Exome,NA18985,"Japanese in Tokyo, Japan",http://www.1000genomes.org/about#g1k_data_reuse
ftp://ftp.sra.ebi.ac.uk/vol1/fastq/SRR099/SRR099523/SRR099523_1.fastq.gz,d42f991dfb7a96e142d87b5fdb329898,1000 Genomes on GRCh38,sequence,Exome,NA19070,"Japanese in Tokyo, Japan",http://www.1000genomes.org/about#g1k_data_reuse
ftp://ftp.sra.ebi.ac.uk/vol1/fastq/SRR099/SRR099525/SRR099525_2.fastq.gz,83c745fbc8a7aebe0884dfe24756bcbf,1000 Genomes on GRCh38,sequence,Exome,NA19060,"Japanese in Tokyo, Japan",http://www.1000genomes.org/about#g1k_data_reuse
ftp://ftp.sra.ebi.ac.uk/vol1/fastq/SRR099/SRR099526/SRR099526_2.fastq.gz,8e05024dd70a27c7cebfa4f7024c234f,1000 Genomes on GRCh38,sequence,Exome,NA19065,"Japanese in Tokyo, Japan",http://www.1000genomes.org/about#g1k_data_reuse
ftp://ftp.sra.ebi.ac.uk/vol1/fastq/SRR099/SRR099529/SRR099529.fastq.gz,bc49c35601f0b2c6f95eb9dd0c41ffcf,1000 Genomes on GRCh38,sequence,Exome,NA18960,"Japanese in Tokyo, Japan",http://www.1000genomes.org/about#g1k_data_reuse
ftp://ftp.sra.ebi.ac.uk/vol1/fastq/SRR099/SRR099533/SRR099533_2.fastq.gz,cc15e3cd6802d31e2d969a47ce3a1a1e,1000 Genomes on GRCh38,sequence,Exome,NA18960,"Japanese in Tokyo, Japan",http://www.1000genomes.org/about#g1k_data_reuse
ftp://ftp.sra.ebi.ac.uk/vol1/fastq/SRR099/SRR099536/SRR099536_2.fastq.gz,bea7838bcdecbfa7c7c980db0d4b68fc,1000 Genomes on GRCh38,sequence,Exome,NA19059,"Japanese in Tokyo, Japan",http://www.1000genomes.org/about#g1k_data_reuse
ftp://ftp.sra.ebi.ac.uk/vol1/fastq/SRR099/SRR099537/SRR099537_2.fastq.gz,f3f17bbd8dd4c25915ad94f2c1c605ea,1000 Genomes on GRCh38,sequence,Exome,NA19066,"Japanese in Tokyo, Japan",http://www.1000genomes.org/about#g1k_data_reuse
ftp://ftp.sra.ebi.ac.uk/vol1/fastq/SRR099/SRR099540/SRR099540.fastq.gz,24c754cae1dece0ea64c47921133a239,1000 Genomes on GRCh38,sequence,Exome,NA19060,"Japanese in Tokyo, Japan",http://www.1000genomes.org/about#g1k_data_reuse
ftp://ftp.sra.ebi.ac.uk/vol1/fastq/SRR099/SRR099544/SRR099544_1.fastq.gz,cbab8d4e2e81f35616cf0773f1d1639b,1000 Genomes on GRCh38,sequence,Exome,NA18961,"Japanese in Tokyo, Japan",http://www.1000genomes.org/about#g1k_data_reuse
ftp://ftp.sra.ebi.ac.uk/vol1/fastq/SRR099/SRR099546/SRR099546_2.fastq.gz,1045046bf92dce15a01ef81c902b8ab0,1000 Genomes on GRCh38,sequence,Exome,NA18953,"Japanese in Tokyo, Japan",http://www.1000genomes.org/about#g1k_data_reuse
ftp://ftp.sra.ebi.ac.uk/vol1/fastq/SRR099/SRR099547/SRR099547_2.fastq.gz,9220a1dcc9b2e59ea0d8b107f4342ef6,1000 Genomes on GRCh38,sequence,Exome,NA18988,"Japanese in Tokyo, Japan",http://www.1000genomes.org/about#g1k_data_reuse
ftp://ftp.sra.ebi.ac.uk/vol1/fastq/SRR099/SRR099550/SRR099550_1.fastq.gz,a4ce3883061e592e9953bcc336b454ab,1000 Genomes on GRCh38,sequence,Exome,NA19062,"Japanese in Tokyo, Japan",http://www.1000genomes.org/about#g1k_data_reuse
ftp://ftp.sra.ebi.ac.uk/vol1/fastq/SRR101/SRR101151/SRR101151_2.fastq.gz,087c0f975e6a97b9348a9a010cc8bd36,1000 Genomes on GRCh38,sequence,Exome,NA18985,"Japanese in Tokyo, Japan",http://www.1000genomes.org/about#g1k_data_reuse
ftp://ftp.sra.ebi.ac.uk/vol1/fastq/SRR101/SRR101155/SRR101155_1.fastq.gz,4980ff310e031535cc1a50fe951fdd7b,1000 Genomes on GRCh38,sequence,Exome,NA18985,"Japanese in Tokyo, Japan",http://www.1000genomes.org/about#g1k_data_reuse
ftp://ftp.sra.ebi.ac.uk/vol1/fastq/SRR101/SRR101157/SRR101157_2.fastq.gz,e454e4e43548626e8d6e20e8ca34b998,1000 Genomes on GRCh38,sequence,Exome,NA18985,"Japanese in Tokyo, Japan",http://www.1000genomes.org/about#g1k_data_reuse
ftp://ftp.sra.ebi.ac.uk/vol1/fastq/SRR101/SRR101158/SRR101158_2.fastq.gz,682c07e3399ef30faeff41285603251c,1000 Genomes on GRCh38,sequence,Exome,NA18985,"Japanese in Tokyo, Japan",http://www.1000genomes.org/about#g1k_data_reuse
ftp://ftp.sra.ebi.ac.uk/vol1/fastq/SRR107/SRR107089/SRR107089_1.fastq.gz,66399a41c1dde39e069b1a7b5642a307,1000 Genomes on GRCh38,sequence,Exome,NA19004,"Japanese in Tokyo, Japan",http://www.1000genomes.org/about#g1k_data_reuse
ftp://ftp.sra.ebi.ac.uk/vol1/fastq/SRR112/SRR112294/SRR112294_2.fastq.gz,b8f1883380aba442baca752192df92c4,1000 Genomes on GRCh38,sequence,Exome,NA19012,"Japanese in Tokyo, Japan",http://www.1000genomes.org/about#g1k_data_reuse
ftp://ftp.sra.ebi.ac.uk/vol1/fastq/SRR112/SRR112297/SRR112297_1.fastq.gz,882f8f20cdc13696f2581aea06f056cc,1000 Genomes on GRCh38,sequence,Exome,NA18999,"Japanese in Tokyo, Japan",http://www.1000genomes.org/about#g1k_data_reuse
ftp://ftp.sra.ebi.ac.uk/vol1/fastq/SRR151/009/SRR1517899/SRR1517899_1.fastq.gz,e45198139d6ff0e3edc8dd50b690a6fe,1000 Genomes on GRCh38,sequence,Exome,NA18939,"Japanese in Tokyo, Japan",http://www.1000genomes.org/about#g1k_data_reuse
ftp://ftp.sra.ebi.ac.uk/vol1/fastq/SRR151/001/SRR1517941/SRR1517941_1.fastq.gz,b458fee88ccad40d5319cbde1eae792d,1000 Genomes on GRCh38,sequence,Exome,NA18939,"Japanese in Tokyo, Japan",http://www.1000genomes.org/about#g1k_data_reuse
ftp://ftp.sra.ebi.ac.uk/vol1/fastq/SRR151/005/SRR1518015/SRR1518015_2.fastq.gz,e3ff254f58128b62d4a82d2c8d5e6de7,1000 Genomes on GRCh38,sequence,Exome,NA18939,"Japanese in Tokyo, Japan",http://www.1000genomes.org/about#g1k_data_reuse
ftp://ftp.sra.ebi.ac.uk/vol1/fastq/SRR151/001/SRR1518201/SRR1518201_1.fastq.gz,257a3a1af710b34caf6824a6c5ff93fd,1000 Genomes on GRCh38,sequence,Exome,NA18939,"Japanese in Tokyo, Japan",http://www.1000genomes.org/about#g1k_data_reuse
ftp://ftp.sra.ebi.ac.uk/vol1/fastq/SRR151/008/SRR1518238/SRR1518238_2.fastq.gz,24c2c2972c7141333fbb33c45f5b6033,1000 Genomes on GRCh38,sequence,Exome,NA18939,"Japanese in Tokyo, Japan",http://www.1000genomes.org/about#g1k_data_reuse
ftp://ftp.sra.ebi.ac.uk/vol1/fastq/SRR233/SRR233127/SRR233127_1.fastq.gz,84a67d00465bc04ba442a36d70278be7,1000 Genomes on GRCh38,sequence,Exome,NA18984,"Japanese in Tokyo, Japan",http://www.1000genomes.org/about#g1k_data_reuse
ftp://ftp.sra.ebi.ac.uk/vol1/fastq/SRR233/SRR233130/SRR233130_2.fastq.gz,cd540c2d5786cb8d03900b8ad522ef6e,1000 Genomes on GRCh38,sequence,Exome,NA18984,"Japanese in Tokyo, Japan",http://www.1000genomes.org/about#g1k_data_reuse
ftp://ftp.sra.ebi.ac.uk/vol1/fastq/SRR233/SRR233133/SRR233133_1.fastq.gz,fc7b9fa2207d2092175f9f37dec3d382,1000 Genomes on GRCh38,sequence,Exome,NA18984,"Japanese in Tokyo, Japan",http://www.1000genomes.org/about#g1k_data_reuse
ftp://ftp.sra.ebi.ac.uk/vol1/fastq/SRR233/SRR233134/SRR233134_1.fastq.gz,8c13be153cc9ac93eee1a975d8f9973c,1000 Genomes on GRCh38,sequence,Exome,NA18984,"Japanese in Tokyo, Japan",http://www.1000genomes.org/about#g1k_data_reuse
ftp://ftp.sra.ebi.ac.uk/vol1/fastq/SRR233/SRR233136/SRR233136_2.fastq.gz,aeb4b4e6d683efe3ebc9a1ad7b3ac1c1,1000 Genomes on GRCh38,sequence,Exome,NA18984,"Japanese in Tokyo, Japan",http://www.1000genomes.org/about#g1k_data_reuse
ftp://ftp.sra.ebi.ac.uk/vol1/fastq/SRR233/SRR233140/SRR233140_2.fastq.gz,c4708ce30845b6433c25dcfb8039b16a,1000 Genomes on GRCh38,sequence,Exome,NA18984,"Japanese in Tokyo, Japan",http://www.1000genomes.org/about#g1k_data_reuse
ftp://ftp.sra.ebi.ac.uk/vol1/fastq/SRR070/SRR070788/SRR070788_1.fastq.gz,2ac92dd87f5ce08e53698f00e8515f99,1000 Genomes on GRCh38,sequence,Exome,NA19076,"Japanese in Tokyo, Japan",http://www.1000genomes.org/about#g1k_data_reuse
ftp://ftp.sra.ebi.ac.uk/vol1/fastq/SRR071/SRR071166/SRR071166_2.fastq.gz,6b6937b80e2ee2e6ff24a79d1628e48d,1000 Genomes on GRCh38,sequence,Exome,NA19077,"Japanese in Tokyo, Japan",http://www.1000genomes.org/about#g1k_data_reuse
ftp://ftp.sra.ebi.ac.uk/vol1/fastq/SRR071/SRR071180/SRR071180_2.fastq.gz,6bb8e3c024adf8b833370cc1f8115686,1000 Genomes on GRCh38,sequence,Exome,NA18966,"Japanese in Tokyo, Japan",http://www.1000genomes.org/about#g1k_data_reuse
ftp://ftp.sra.ebi.ac.uk/vol1/fastq/SRR071/SRR071184/SRR071184_1.fastq.gz,9694ea95a934792bb5d766bde5314b34,1000 Genomes on GRCh38,sequence,Exome,NA19083,"Japanese in Tokyo, Japan",http://www.1000genomes.org/about#g1k_data_reuse
ftp://ftp.sra.ebi.ac.uk/vol1/fastq/SRR071/SRR071188/SRR071188_1.fastq.gz,8a594cc034e6eefc5871b770e4e862ce,1000 Genomes on GRCh38,sequence,Exome,NA19083,"Japanese in Tokyo, Japan",http://www.1000genomes.org/about#g1k_data_reuse
ftp://ftp.sra.ebi.ac.uk/vol1/fastq/SRR071/SRR071194/SRR071194_1.fastq.gz,8b989e0c94809e5daec41323b50f0f41,1000 Genomes on GRCh38,sequence,Exome,NA19082,"Japanese in Tokyo, Japan",http://www.1000genomes.org/about#g1k_data_reuse
ftp://ftp.sra.ebi.ac.uk/vol1/fastq/SRR071/SRR071196/SRR071196_2.fastq.gz,1bdadba5fe676ccaca5ee76e9e94b62e,1000 Genomes on GRCh38,sequence,Exome,NA18967,"Japanese in Tokyo, Japan",http://www.1000genomes.org/about#g1k_data_reuse
ftp://ftp.sra.ebi.ac.uk/vol1/fastq/SRR077/SRR077436/SRR077436_2.fastq.gz,94ce9b1dc1b3f03da8521a27675ac271,1000 Genomes on GRCh38,sequence,Exome,NA19072,"Japanese in Tokyo, Japan",http://www.1000genomes.org/about#g1k_data_reuse
ftp://ftp.sra.ebi.ac.uk/vol1/fastq/SRR077/SRR077459/SRR077459_1.fastq.gz,8f9a71a5155e1a363a088083f9942d44,1000 Genomes on GRCh38,sequence,Exome,NA19079,"Japanese in Tokyo, Japan",http://www.1000genomes.org/about#g1k_data_reuse
ftp://ftp.sra.ebi.ac.uk/vol1/fastq/SRR077/SRR077473/SRR077473_2.fastq.gz,b9a540a9243c6204ea397d5dc8657b42,1000 Genomes on GRCh38,sequence,Exome,NA19081,"Japanese in Tokyo, Japan",http://www.1000genomes.org/about#g1k_data_reuse
ftp://ftp.sra.ebi.ac.uk/vol1/fastq/SRR077/SRR077477/SRR077477_1.fastq.gz,b5129195c89fb6ecedc7919474a25990,1000 Genomes on GRCh38,sequence,Exome,NA18981,"Japanese in Tokyo, Japan",http://www.1000genomes.org/about#g1k_data_reuse
ftp://ftp.sra.ebi.ac.uk/vol1/fastq/SRR077/SRR077480/SRR077480_2.fastq.gz,1928a0f40829358706415ed88a90ad04,1000 Genomes on GRCh38,sequence,Exome,NA18968,"Japanese in Tokyo, Japan",http://www.1000genomes.org/about#g1k_data_reuse
ftp://ftp.sra.ebi.ac.uk/vol1/fastq/SRR077/SRR077486/SRR077486_2.fastq.gz,88f776b16971ff2cc1ad530322ab2b03,1000 Genomes on GRCh38,sequence,Exome,NA18990,"Japanese in Tokyo, Japan",http://www.1000genomes.org/about#g1k_data_reuse
ftp://ftp.sra.ebi.ac.uk/vol1/fastq/SRR077/SRR077490/SRR077490_1.fastq.gz,e55e69d5feeb780656e5a754eaea7c10,1000 Genomes on GRCh38,sequence,Exome,NA18972,"Japanese in Tokyo, Japan",http://www.1000genomes.org/about#g1k_data_reuse
ftp://ftp.sra.ebi.ac.uk/vol1/fastq/SRR077/SRR077757/SRR077757_2.fastq.gz,19a42a9a8ac3f65f3093e3aeda7b22c7,1000 Genomes on GRCh38,sequence,Exome,NA18976,"Japanese in Tokyo, Japan",http://www.1000genomes.org/about#g1k_data_reuse
ftp://ftp.sra.ebi.ac.uk/vol1/fastq/SRR077/SRR077855/SRR077855_2.fastq.gz,926dc7bd8d9e2f07c2515b1e19699001,1000 Genomes on GRCh38,sequence,Exome,NA18991,"Japanese in Tokyo, Japan",http://www.1000genomes.org/about#g1k_data_reuse
ftp://ftp.sra.ebi.ac.uk/vol1/fastq/SRR077/SRR077861/SRR077861_2.fastq.gz,f104a1df14187e8032dca77f14111885,1000 Genomes on GRCh38,sequence,Exome,NA18973,"Japanese in Tokyo, Japan",http://www.1000genomes.org/about#g1k_data_reuse
ftp://ftp.sra.ebi.ac.uk/vol1/fastq/SRR078/SRR078840/SRR078840_1.fastq.gz,f1e4fe188ff4044a8355b2473173cb5e,1000 Genomes on GRCh38,sequence,Exome,NA19084,"Japanese in Tokyo, Japan",http://www.1000genomes.org/about#g1k_data_reuse
ftp://ftp.sra.ebi.ac.uk/vol1/fastq/SRR078/SRR078842/SRR078842_2.fastq.gz,0f2441033f651313b8a8464692b9a350,1000 Genomes on GRCh38,sequence,Exome,NA18971,"Japanese in Tokyo, Japan",http://www.1000genomes.org/about#g1k_data_reuse
ftp://ftp.sra.ebi.ac.uk/vol1/fastq/SRR078/SRR078846/SRR078846_1.fastq.gz,37fbdaeacabf00a6f28c7776a0433bc1,1000 Genomes on GRCh38,sequence,Exome,NA18973,"Japanese in Tokyo, Japan",http://www.1000genomes.org/about#g1k_data_reuse
ftp://ftp.sra.ebi.ac.uk/vol1/fastq/SRR078/SRR078848/SRR078848_2.fastq.gz,a89b5685f6bbaf70204ded32a9d712ec,1000 Genomes on GRCh38,sequence,Exome,NA19079,"Japanese in Tokyo, Japan",http://www.1000genomes.org/about#g1k_data_reuse
ftp://ftp.sra.ebi.ac.uk/vol1/fastq/SRR081/SRR081239/SRR081239_1.fastq.gz,d3c8cb38d4e790f1fd8488a7ff870026,1000 Genomes on GRCh38,sequence,Exome,NA19074,"Japanese in Tokyo, Japan",http://www.1000genomes.org/about#g1k_data_reuse
ftp://ftp.sra.ebi.ac.uk/vol1/fastq/SRR081/SRR081255/SRR081255_2.fastq.gz,1126a0b35af6277720676bc53b4ae973,1000 Genomes on GRCh38,sequence,Exome,NA18972,"Japanese in Tokyo, Japan",http://www.1000genomes.org/about#g1k_data_reuse
ftp://ftp.sra.ebi.ac.uk/vol1/fastq/SRR081/SRR081265/SRR081265_1.fastq.gz,24a937db31b14c599b98194cf5c60be2,1000 Genomes on GRCh38,sequence,Exome,NA19084,"Japanese in Tokyo, Japan",http://www.1000genomes.org/about#g1k_data_reuse
ftp://ftp.sra.ebi.ac.uk/vol1/fastq/SRR098/SRR098422/SRR098422_2.fastq.gz,d5689dc4662397fa07b433e48e4990ab,1000 Genomes on GRCh38,sequence,Exome,NA18985,"Japanese in Tokyo, Japan",http://www.1000genomes.org/about#g1k_data_reuse
ftp://ftp.sra.ebi.ac.uk/vol1/fastq/SRR098/SRR098425/SRR098425_1.fastq.gz,dcd4a9113766fbb2b16e18f32cfecabd,1000 Genomes on GRCh38,sequence,Exome,NA18985,"Japanese in Tokyo, Japan",http://www.1000genomes.org/about#g1k_data_reuse
ftp://ftp.sra.ebi.ac.uk/vol1/fastq/SRR098/SRR098426/SRR098426_1.fastq.gz,77990f7bf381fdcfec401d3a83d34774,1000 Genomes on GRCh38,sequence,Exome,NA18985,"Japanese in Tokyo, Japan",http://www.1000genomes.org/about#g1k_data_reuse
ftp://ftp.sra.ebi.ac.uk/vol1/fastq/SRR098/SRR098428/SRR098428_2.fastq.gz,37270a40cb8d5345e27f1ace1984bc42,1000 Genomes on GRCh38,sequence,Exome,NA18985,"Japanese in Tokyo, Japan",http://www.1000genomes.org/about#g1k_data_reuse
ftp://ftp.sra.ebi.ac.uk/vol1/fastq/SRR099/SRR099523/SRR099523_2.fastq.gz,888c405bb343b283593d185e724b6c2a,1000 Genomes on GRCh38,sequence,Exome,NA19070,"Japanese in Tokyo, Japan",http://www.1000genomes.org/about#g1k_data_reuse
ftp://ftp.sra.ebi.ac.uk/vol1/fastq/SRR099/SRR099527/SRR099527_1.fastq.gz,63731cad98e203f38bcf8637ca8d73d9,1000 Genomes on GRCh38,sequence,Exome,NA18950,"Japanese in Tokyo, Japan",http://www.1000genomes.org/about#g1k_data_reuse
ftp://ftp.sra.ebi.ac.uk/vol1/fastq/SRR099/SRR099530/SRR099530_1.fastq.gz,3221dcfa43bf010e177235e1169d087a,1000 Genomes on GRCh38,sequence,Exome,NA19057,"Japanese in Tokyo, Japan",http://www.1000genomes.org/about#g1k_data_reuse
ftp://ftp.sra.ebi.ac.uk/vol1/fastq/SRR099/SRR099531/SRR099531_2.fastq.gz,2b47652b2432074fadb828baeb3f130d,1000 Genomes on GRCh38,sequence,Exome,NA19054,"Japanese in Tokyo, Japan",http://www.1000genomes.org/about#g1k_data_reuse
ftp://ftp.sra.ebi.ac.uk/vol1/fastq/SRR099/SRR099534/SRR099534.fastq.gz,4824cccc4495551237fb83ca4aef9854,1000 Genomes on GRCh38,sequence,Exome,NA18953,"Japanese in Tokyo, Japan",http://www.1000genomes.org/about#g1k_data_reuse
ftp://ftp.sra.ebi.ac.uk/vol1/fastq/SRR099/SRR099538/SRR099538_1.fastq.gz,8e47b0bd1f76709dd56ff51e17719579,1000 Genomes on GRCh38,sequence,Exome,NA19068,"Japanese in Tokyo, Japan",http://www.1000genomes.org/about#g1k_data_reuse
ftp://ftp.sra.ebi.ac.uk/vol1/fastq/SRR099/SRR099541/SRR099541_1.fastq.gz,23cf3329d1d7f36d84f12872f5c26441,1000 Genomes on GRCh38,sequence,Exome,NA19058,"Japanese in Tokyo, Japan",http://www.1000genomes.org/about#g1k_data_reuse
ftp://ftp.sra.ebi.ac.uk/vol1/fastq/SRR099/SRR099544/SRR099544_2.fastq.gz,39ccc0dae1d65b0194dd3d9785388083,1000 Genomes on GRCh38,sequence,Exome,NA18961,"Japanese in Tokyo, Japan",http://www.1000genomes.org/about#g1k_data_reuse
ftp://ftp.sra.ebi.ac.uk/vol1/fastq/SRR099/SRR099547/SRR099547_1.fastq.gz,28ca630bb06062eb53603b24f159314f,1000 Genomes on GRCh38,sequence,Exome,NA18988,"Japanese in Tokyo, Japan",http://www.1000genomes.org/about#g1k_data_reuse
ftp://ftp.sra.ebi.ac.uk/vol1/fastq/SRR099/SRR099548/SRR099548_1.fastq.gz,305bd32f706ac45e79083f8c6cad05d3,1000 Genomes on GRCh38,sequence,Exome,NA19056,"Japanese in Tokyo, Japan",http://www.1000genomes.org/about#g1k_data_reuse
ftp://ftp.sra.ebi.ac.uk/vol1/fastq/SRR099/SRR099550/SRR099550_2.fastq.gz,a97cd7ba1ff41c11f3d23969c9e9220d,1000 Genomes on GRCh38,sequence,Exome,NA19062,"Japanese in Tokyo, Japan",http://www.1000genomes.org/about#g1k_data_reuse
ftp://ftp.sra.ebi.ac.uk/vol1/fastq/SRR101/SRR101152/SRR101152_1.fastq.gz,a37d831b783f53871e2ee37a87903d78,1000 Genomes on GRCh38,sequence,Exome,NA18985,"Japanese in Tokyo, Japan",http://www.1000genomes.org/about#g1k_data_reuse
ftp://ftp.sra.ebi.ac.uk/vol1/fastq/SRR101/SRR101153/SRR101153_1.fastq.gz,5e8bd25dd6cd5c91b6478dbadc1a1b4a,1000 Genomes on GRCh38,sequence,Exome,NA18985,"Japanese in Tokyo, Japan",http://www.1000genomes.org/about#g1k_data_reuse
ftp://ftp.sra.ebi.ac.uk/vol1/fastq/SRR101/SRR101155/SRR101155_2.fastq.gz,c73eb8bbf2b3a546b6e257f767e5c1c5,1000 Genomes on GRCh38,sequence,Exome,NA18985,"Japanese in Tokyo, Japan",http://www.1000genomes.org/about#g1k_data_reuse
ftp://ftp.sra.ebi.ac.uk/vol1/fastq/SRR107/SRR107089/SRR107089_2.fastq.gz,09aa007a422a3cfdbedcb62e25091bb6,1000 Genomes on GRCh38,sequence,Exome,NA19004,"Japanese in Tokyo, Japan",http://www.1000genomes.org/about#g1k_data_reuse
ftp://ftp.sra.ebi.ac.uk/vol1/fastq/SRR112/SRR112294/SRR112294_1.fastq.gz,f99d1b9f1bfcf364aad167f167b9b1ad,1000 Genomes on GRCh38,sequence,Exome,NA19012,"Japanese in Tokyo, Japan",http://www.1000genomes.org/about#g1k_data_reuse
ftp://ftp.sra.ebi.ac.uk/vol1/fastq/SRR112/SRR112295/SRR112295_1.fastq.gz,dc5ed55da9f26bd56fea6ba4f7338bc0,1000 Genomes on GRCh38,sequence,Exome,NA18982,"Japanese in Tokyo, Japan",http://www.1000genomes.org/about#g1k_data_reuse
ftp://ftp.sra.ebi.ac.uk/vol1/fastq/SRR112/SRR112297/SRR112297_2.fastq.gz,cf66a0b87bd72e0f6b43211827053fa3,1000 Genomes on GRCh38,sequence,Exome,NA18999,"Japanese in Tokyo, Japan",http://www.1000genomes.org/about#g1k_data_reuse
ftp://ftp.sra.ebi.ac.uk/vol1/fastq/SRR151/003/SRR1517843/SRR1517843_1.fastq.gz,b6a91ba2a26c048959212db216c982cc,1000 Genomes on GRCh38,sequence,Exome,NA18939,"Japanese in Tokyo, Japan",http://www.1000genomes.org/about#g1k_data_reuse
ftp://ftp.sra.ebi.ac.uk/vol1/fastq/SRR151/006/SRR1517856/SRR1517856_1.fastq.gz,6a263332bb26f68fbcae1429748866c0,1000 Genomes on GRCh38,sequence,Exome,NA18939,"Japanese in Tokyo, Japan",http://www.1000genomes.org/about#g1k_data_reuse
ftp://ftp.sra.ebi.ac.uk/vol1/fastq/SRR151/008/SRR1517868/SRR1517868_1.fastq.gz,de509c3a194cb8e84b7452bdd6ac7394,1000 Genomes on GRCh38,sequence,Exome,NA18939,"Japanese in Tokyo, Japan",http://www.1000genomes.org/about#g1k_data_reuse
ftp://ftp.sra.ebi.ac.uk/vol1/fastq/SRR151/009/SRR1517899/SRR1517899_2.fastq.gz,76e3fa9026901f2482707d88769354f6,1000 Genomes on GRCh38,sequence,Exome,NA18939,"Japanese in Tokyo, Japan",http://www.1000genomes.org/about#g1k_data_reuse
ftp://ftp.sra.ebi.ac.uk/vol1/fastq/SRR151/008/SRR1517928/SRR1517928_1.fastq.gz,fd864ec9f11d8509149816ec3d662d8f,1000 Genomes on GRCh38,sequence,Exome,NA18939,"Japanese in Tokyo, Japan",http://www.1000genomes.org/about#g1k_data_reuse
ftp://ftp.sra.ebi.ac.uk/vol1/fastq/SRR151/001/SRR1517941/SRR1517941_2.fastq.gz,66ff1090c41d6d51d3eca01a73c95c69,1000 Genomes on GRCh38,sequence,Exome,NA18939,"Japanese in Tokyo, Japan",http://www.1000genomes.org/about#g1k_data_reuse
ftp://ftp.sra.ebi.ac.uk/vol1/fastq/SRR151/005/SRR1518015/SRR1518015_1.fastq.gz,ac6744d2c9c45a3b7bba3370cae1ff8b,1000 Genomes on GRCh38,sequence,Exome,NA18939,"Japanese in Tokyo, Japan",http://www.1000genomes.org/about#g1k_data_reuse
ftp://ftp.sra.ebi.ac.uk/vol1/fastq/SRR151/007/SRR1518057/SRR1518057_1.fastq.gz,6fa298b0e2bfb9e107ba2c7327046349,1000 Genomes on GRCh38,sequence,Exome,NA18939,"Japanese in Tokyo, Japan",http://www.1000genomes.org/about#g1k_data_reuse
ftp://ftp.sra.ebi.ac.uk/vol1/fastq/SRR151/001/SRR1518201/SRR1518201_2.fastq.gz,0fac58ca794ccccb7117a23a75347cb3,1000 Genomes on GRCh38,sequence,Exome,NA18939,"Japanese in Tokyo, Japan",http://www.1000genomes.org/about#g1k_data_reuse
ftp://ftp.sra.ebi.ac.uk/vol1/fastq/SRR151/005/SRR1518255/SRR1518255_2.fastq.gz,ded27bf6bb773f24ce065ffe98d1521f,1000 Genomes on GRCh38,sequence,Exome,NA18939,"Japanese in Tokyo, Japan",http://www.1000genomes.org/about#g1k_data_reuse
ftp://ftp.sra.ebi.ac.uk/vol1/fastq/SRR233/SRR233127/SRR233127_2.fastq.gz,56803ebbb89bcb9e552415c99cba228f,1000 Genomes on GRCh38,sequence,Exome,NA18984,"Japanese in Tokyo, Japan",http://www.1000genomes.org/about#g1k_data_reuse
ftp://ftp.sra.ebi.ac.uk/vol1/fastq/SRR233/SRR233128/SRR233128_2.fastq.gz,e2607a6cf8513a0d5b42287b3dc640e0,1000 Genomes on GRCh38,sequence,Exome,NA18984,"Japanese in Tokyo, Japan",http://www.1000genomes.org/about#g1k_data_reuse
ftp://ftp.sra.ebi.ac.uk/vol1/fastq/SRR233/SRR233131/SRR233131_1.fastq.gz,e2ab9be57256a8027b55028c04f6bef6,1000 Genomes on GRCh38,sequence,Exome,NA18984,"Japanese in Tokyo, Japan",http://www.1000genomes.org/about#g1k_data_reuse
ftp://ftp.sra.ebi.ac.uk/vol1/fastq/SRR233/SRR233134/SRR233134_2.fastq.gz,368879536d356a5cb9db328bd7ff6441,1000 Genomes on GRCh38,sequence,Exome,NA18984,"Japanese in Tokyo, Japan",http://www.1000genomes.org/about#g1k_data_reuse
ftp://ftp.sra.ebi.ac.uk/vol1/fastq/SRR233/SRR233137/SRR233137_1.fastq.gz,d9691ec04911e77eb55cf8552b6c7eb1,1000 Genomes on GRCh38,sequence,Exome,NA18984,"Japanese in Tokyo, Japan",http://www.1000genomes.org/about#g1k_data_reuse
ftp://ftp.sra.ebi.ac.uk/vol1/fastq/SRR233/SRR233138/SRR233138_2.fastq.gz,6dcea2c4fc9f7c90c24b576da5f56d7a,1000 Genomes on GRCh38,sequence,Exome,NA18984,"Japanese in Tokyo, Japan",http://www.1000genomes.org/about#g1k_data_reuse
ftp://ftp.sra.ebi.ac.uk/vol1/fastq/SRR702/SRR702079/SRR702079_2.fastq.gz,7ff53526922fe5108d04173f30e1e1e5,1000 Genomes on GRCh38,sequence,Exome,NA18993,"Japanese in Tokyo, Japan",http://www.1000genomes.org/about#g1k_data_reuse
ftp://ftp.sra.ebi.ac.uk/vol1/fastq/SRR707/SRR707200/SRR707200_1.fastq.gz,b18dc4dcffa497f9924da694f561171d,1000 Genomes on GRCh38,sequence,Exome,NA19001,"Japanese in Tokyo, Japan",http://www.1000genomes.org/about#g1k_data_reuse
ftp://ftp.sra.ebi.ac.uk/vol1/fastq/SRR715/SRR715906/SRR715906_2.fastq.gz,e0237b4d9f029fee5ae52d10853d010f,1000 Genomes on GRCh38,sequence,Exome,NA19005,"Japanese in Tokyo, Japan",http://www.1000genomes.org/about#g1k_data_reuse
ftp://ftp.sra.ebi.ac.uk/vol1/fastq/SRR715/SRR715916/SRR715916_1.fastq.gz,540108b8bc4f373f530e1c8f3ed4f3f8,1000 Genomes on GRCh38,sequence,Exome,NA18962,"Japanese in Tokyo, Japan",http://www.1000genomes.org/about#g1k_data_reuse
ftp://ftp.sra.ebi.ac.uk/vol1/fastq/SRR716/SRR716430/SRR716430_1.fastq.gz,32742b67a05a9b1af83445c628343e3b,1000 Genomes on GRCh38,sequence,Exome,NA19002,"Japanese in Tokyo, Japan",http://www.1000genomes.org/about#g1k_data_reuse
ftp://ftp.sra.ebi.ac.uk/vol1/fastq/SRR716/SRR716653/SRR716653_1.fastq.gz,cf8c92ef15f2c0dadf4c01f96a2f4e2f,1000 Genomes on GRCh38,sequence,Exome,NA18980,"Japanese in Tokyo, Japan",http://www.1000genomes.org/about#g1k_data_reuse
ftp://ftp.sra.ebi.ac.uk/vol1/fastq/SRR718/SRR718070/SRR718070_2.fastq.gz,5aab858146a1aaed740e7752771fba4a,1000 Genomes on GRCh38,sequence,Exome,NA19009,"Japanese in Tokyo, Japan",http://www.1000genomes.org/about#g1k_data_reuse
ftp://ftp.sra.ebi.ac.uk/vol1/fastq/SRR718/SRR718079/SRR718079_1.fastq.gz,253d2c7c53d769cdb8c2bde191c10248,1000 Genomes on GRCh38,sequence,Exome,NA18946,"Japanese in Tokyo, Japan",http://www.1000genomes.org/about#g1k_data_reuse
ftp://ftp.sra.ebi.ac.uk/vol1/fastq/SRR718/SRR718080/SRR718080_1.fastq.gz,48fe77f856cbba4dd32ae37346da45e8,1000 Genomes on GRCh38,sequence,Exome,NA18977,"Japanese in Tokyo, Japan",http://www.1000genomes.org/about#g1k_data_reuse
ftp://ftp.sra.ebi.ac.uk/vol1/fastq/SRR748/SRR748282/SRR748282_2.fastq.gz,6f862f82dd36a2a017cad30290b56ea1,1000 Genomes on GRCh38,sequence,Exome,NA19086,"Japanese in Tokyo, Japan",http://www.1000genomes.org/about#g1k_data_reuse
ftp://ftp.sra.ebi.ac.uk/vol1/fastq/SRR764/SRR764772/SRR764772_1.fastq.gz,a90c27c78ac30476619c5cc109563301,1000 Genomes on GRCh38,sequence,Exome,NA18965,"Japanese in Tokyo, Japan",http://www.1000genomes.org/about#g1k_data_reuse
ftp://ftp.sra.ebi.ac.uk/vol1/fastq/SRR764/SRR764775/SRR764775_2.fastq.gz,f624c62b8bf86b189a453c8000c8ddbd,1000 Genomes on GRCh38,sequence,Exome,NA18995,"Japanese in Tokyo, Japan",http://www.1000genomes.org/about#g1k_data_reuse
ftp://ftp.sra.ebi.ac.uk/vol1/fastq/SRR766/SRR766031/SRR766031_1.fastq.gz,c2ca01c7eaf1f677458144518204e68d,1000 Genomes on GRCh38,sequence,Exome,NA18939,"Japanese in Tokyo, Japan",http://www.1000genomes.org/about#g1k_data_reuse
ftp://ftp.sra.ebi.ac.uk/vol1/fastq/SRR794/SRR794684/SRR794684_1.fastq.gz,00ad98b3b4096a6b88c3c13fc2a69132,1000 Genomes on GRCh38,sequence,Exome,NA19078,"Japanese in Tokyo, Japan",http://www.1000genomes.org/about#g1k_data_reuse
ftp://ftp.sra.ebi.ac.uk/vol1/fastq/SRR816/SRR816280/SRR816280_2.fastq.gz,84244ec3291f7337f0254557de768a16,1000 Genomes on GRCh38,sequence,Exome,NA18955,"Japanese in Tokyo, Japan",http://www.1000genomes.org/about#g1k_data_reuse
ftp://ftp.sra.ebi.ac.uk/vol1/fastq/SRR707/SRR707200/SRR707200_2.fastq.gz,153860f1dc3369caecb30428a3582d8c,1000 Genomes on GRCh38,sequence,Exome,NA19001,"Japanese in Tokyo, Japan",http://www.1000genomes.org/about#g1k_data_reuse
ftp://ftp.sra.ebi.ac.uk/vol1/fastq/SRR715/SRR715907/SRR715907_1.fastq.gz,1ac0042ed024bc24cb99eb885d466dd7,1000 Genomes on GRCh38,sequence,Exome,NA19010,"Japanese in Tokyo, Japan",http://www.1000genomes.org/about#g1k_data_reuse
ftp://ftp.sra.ebi.ac.uk/vol1/fastq/SRR715/SRR715916/SRR715916_2.fastq.gz,486eb4729916e9158c88aa9e20a47e8f,1000 Genomes on GRCh38,sequence,Exome,NA18962,"Japanese in Tokyo, Japan",http://www.1000genomes.org/about#g1k_data_reuse
ftp://ftp.sra.ebi.ac.uk/vol1/fastq/SRR716/SRR716428/SRR716428_1.fastq.gz,2d7e29a0ce31932f6f3080f8762c5fab,1000 Genomes on GRCh38,sequence,Exome,NA18992,"Japanese in Tokyo, Japan",http://www.1000genomes.org/about#g1k_data_reuse
ftp://ftp.sra.ebi.ac.uk/vol1/fastq/SRR716/SRR716430/SRR716430_2.fastq.gz,674e9a25d1b24e00e4c0d162f07ecbfb,1000 Genomes on GRCh38,sequence,Exome,NA19002,"Japanese in Tokyo, Japan",http://www.1000genomes.org/about#g1k_data_reuse
ftp://ftp.sra.ebi.ac.uk/vol1/fastq/SRR716/SRR716650/SRR716650_1.fastq.gz,03005efc7038216722d97858923168e4,1000 Genomes on GRCh38,sequence,Exome,NA18978,"Japanese in Tokyo, Japan",http://www.1000genomes.org/about#g1k_data_reuse
ftp://ftp.sra.ebi.ac.uk/vol1/fastq/SRR716/SRR716653/SRR716653_2.fastq.gz,805028554822cc0c8f1d71821c0c0bab,1000 Genomes on GRCh38,sequence,Exome,NA18980,"Japanese in Tokyo, Japan",http://www.1000genomes.org/about#g1k_data_reuse
ftp://ftp.sra.ebi.ac.uk/vol1/fastq/SRR718/SRR718079/SRR718079_2.fastq.gz,dcdbd057a2bd68eb3e78b151f9eba3c5,1000 Genomes on GRCh38,sequence,Exome,NA18946,"Japanese in Tokyo, Japan",http://www.1000genomes.org/about#g1k_data_reuse
ftp://ftp.sra.ebi.ac.uk/vol1/fastq/SRR718/SRR718080/SRR718080_2.fastq.gz,e4a1e8c49a04b6c30e724dadf5446c22,1000 Genomes on GRCh38,sequence,Exome,NA18977,"Japanese in Tokyo, Japan",http://www.1000genomes.org/about#g1k_data_reuse
ftp://ftp.sra.ebi.ac.uk/vol1/fastq/SRR764/SRR764743/SRR764743_1.fastq.gz,1f2f9e07b811cc01ad1703182c7589ef,1000 Genomes on GRCh38,sequence,Exome,NA18954,"Japanese in Tokyo, Japan",http://www.1000genomes.org/about#g1k_data_reuse
ftp://ftp.sra.ebi.ac.uk/vol1/fastq/SRR764/SRR764772/SRR764772_2.fastq.gz,3f8eb90aaae1d39d1f021b2022c4a019,1000 Genomes on GRCh38,sequence,Exome,NA18965,"Japanese in Tokyo, Japan",http://www.1000genomes.org/about#g1k_data_reuse
ftp://ftp.sra.ebi.ac.uk/vol1/fastq/SRR765/SRR765997/SRR765997_1.fastq.gz,d54bddc3393500a018e019274e6d51e6,1000 Genomes on GRCh38,sequence,Exome,NA18963,"Japanese in Tokyo, Japan",http://www.1000genomes.org/about#g1k_data_reuse
ftp://ftp.sra.ebi.ac.uk/vol1/fastq/SRR766/SRR766028/SRR766028_1.fastq.gz,da9f7f3887c1a2a1aacea7761567eda0,1000 Genomes on GRCh38,sequence,Exome,NA18956,"Japanese in Tokyo, Japan",http://www.1000genomes.org/about#g1k_data_reuse
ftp://ftp.sra.ebi.ac.uk/vol1/fastq/SRR766/SRR766031/SRR766031_2.fastq.gz,d33429d2f99320ee81533af05c0effa7,1000 Genomes on GRCh38,sequence,Exome,NA18939,"Japanese in Tokyo, Japan",http://www.1000genomes.org/about#g1k_data_reuse
ftp://ftp.sra.ebi.ac.uk/vol1/fastq/SRR768/SRR768534/SRR768534_1.fastq.gz,59aa65927554e5f86e66df1ef0f837e7,1000 Genomes on GRCh38,sequence,Exome,NA18957,"Japanese in Tokyo, Japan",http://www.1000genomes.org/about#g1k_data_reuse
ftp://ftp.sra.ebi.ac.uk/vol1/fastq/SRR794/SRR794684/SRR794684_2.fastq.gz,b099406e680b36006b5a58cc4dc5a7fa,1000 Genomes on GRCh38,sequence,Exome,NA19078,"Japanese in Tokyo, Japan",http://www.1000genomes.org/about#g1k_data_reuse
ftp://ftp.sra.ebi.ac.uk/vol1/fastq/SRR816/SRR816281/SRR816281_1.fastq.gz,8199359ebf140c37b659e296ddcacfd4,1000 Genomes on GRCh38,sequence,Exome,NA18955,"Japanese in Tokyo, Japan",http://www.1000genomes.org/about#g1k_data_reuse
ftp://ftp.sra.ebi.ac.uk/vol1/fastq/ERR034/ERR034597/ERR034597_1.fastq.gz,703e5477cabb8feef908decc1d02d9b3,1000 Genomes on GRCh38,sequence,Exome,NA18942,"Japanese in Tokyo, Japan",http://www.1000genomes.org/about#g1k_data_reuse
ftp://ftp.sra.ebi.ac.uk/vol1/fastq/ERR034/ERR034599/ERR034599_2.fastq.gz,c6d91ee12ba13a3bca9958f6d7b737c4,1000 Genomes on GRCh38,sequence,Exome,NA18944,"Japanese in Tokyo, Japan",http://www.1000genomes.org/about#g1k_data_reuse
ftp://ftp.sra.ebi.ac.uk/vol1/fastq/ERR034/ERR034603/ERR034603_1.fastq.gz,478d71808747c20d538fef1c17bd600e,1000 Genomes on GRCh38,sequence,Exome,NA18949,"Japanese in Tokyo, Japan",http://www.1000genomes.org/about#g1k_data_reuse
ftp://ftp.sra.ebi.ac.uk/vol1/fastq/ERR034/ERR034605/ERR034605_2.fastq.gz,ff1623605a8a920727703d811b7fe8da,1000 Genomes on GRCh38,sequence,Exome,NA18952,"Japanese in Tokyo, Japan",http://www.1000genomes.org/about#g1k_data_reuse
ftp://ftp.sra.ebi.ac.uk/vol1/fastq/ERR034/ERR034606/ERR034606_2.fastq.gz,c71eec21463e906b90e21e9c22f00e91,1000 Genomes on GRCh38,sequence,Exome,NA19087,"Japanese in Tokyo, Japan",http://www.1000genomes.org/about#g1k_data_reuse
ftp://ftp.sra.ebi.ac.uk/vol1/fastq/SRR070/SRR070493/SRR070493_1.fastq.gz,14b00160035d4155779114cb84873e76,1000 Genomes on GRCh38,sequence,Exome,NA19076,"Japanese in Tokyo, Japan",http://www.1000genomes.org/about#g1k_data_reuse
ftp://ftp.sra.ebi.ac.uk/vol1/fastq/SRR112/SRR112296/SRR112296_1.fastq.gz,aaee2341607a55413e49a02d02e4bd37,1000 Genomes on GRCh38,sequence,Exome,NA18989,"Japanese in Tokyo, Japan",http://www.1000genomes.org/about#g1k_data_reuse
ftp://ftp.sra.ebi.ac.uk/vol1/fastq/SRR070/SRR070788/SRR070788_2.fastq.gz,aea306caccf1fe37e9184900545ad488,1000 Genomes on GRCh38,sequence,Exome,NA19076,"Japanese in Tokyo, Japan",http://www.1000genomes.org/about#g1k_data_reuse
ftp://ftp.sra.ebi.ac.uk/vol1/fastq/SRR151/000/SRR1517850/SRR1517850_1.fastq.gz,08b5665a18ad3dbdf963d359e9fd91d7,1000 Genomes on GRCh38,sequence,Exome,NA18939,"Japanese in Tokyo, Japan",http://www.1000genomes.org/about#g1k_data_reuse
ftp://ftp.sra.ebi.ac.uk/vol1/fastq/SRR071/SRR071138/SRR071138_1.fastq.gz,3930f17ad1306527ebe491aab6c2702d,1000 Genomes on GRCh38,sequence,Exome,NA19077,"Japanese in Tokyo, Japan",http://www.1000genomes.org/about#g1k_data_reuse
ftp://ftp.sra.ebi.ac.uk/vol1/fastq/SRR071/SRR071168/SRR071168_1.fastq.gz,b526e8339763b70167c864d7284fd060,1000 Genomes on GRCh38,sequence,Exome,NA19075,"Japanese in Tokyo, Japan",http://www.1000genomes.org/about#g1k_data_reuse
ftp://ftp.sra.ebi.ac.uk/vol1/fastq/SRR071/SRR071181/SRR071181_1.fastq.gz,1a346f6034b04e856d95eed2567e90b4,1000 Genomes on GRCh38,sequence,Exome,NA19080,"Japanese in Tokyo, Japan",http://www.1000genomes.org/about#g1k_data_reuse
ftp://ftp.sra.ebi.ac.uk/vol1/fastq/SRR071/SRR071184/SRR071184_2.fastq.gz,6ab61f7bb9cfc655f65f4bae9503b680,1000 Genomes on GRCh38,sequence,Exome,NA19083,"Japanese in Tokyo, Japan",http://www.1000genomes.org/about#g1k_data_reuse
ftp://ftp.sra.ebi.ac.uk/vol1/fastq/SRR071/SRR071188/SRR071188_2.fastq.gz,ca6d96ec8587efa16da4cfc8a4668cd5,1000 Genomes on GRCh38,sequence,Exome,NA19083,"Japanese in Tokyo, Japan",http://www.1000genomes.org/about#g1k_data_reuse
ftp://ftp.sra.ebi.ac.uk/vol1/fastq/SRR071/SRR071194/SRR071194_2.fastq.gz,642a8ecdbf000f787ce4fd755b16d2be,1000 Genomes on GRCh38,sequence,Exome,NA19082,"Japanese in Tokyo, Japan",http://www.1000genomes.org/about#g1k_data_reuse
ftp://ftp.sra.ebi.ac.uk/vol1/fastq/SRR071/SRR071197/SRR071197_1.fastq.gz,b1d622159eaafc58dd4a6a394df9e585,1000 Genomes on GRCh38,sequence,Exome,NA19082,"Japanese in Tokyo, Japan",http://www.1000genomes.org/about#g1k_data_reuse
ftp://ftp.sra.ebi.ac.uk/vol1/fastq/SRR151/005/SRR1517955/SRR1517955_2.fastq.gz,13c1cf0a9f4e6360bae3a343be5ce88f,1000 Genomes on GRCh38,sequence,Exome,NA18939,"Japanese in Tokyo, Japan",http://www.1000genomes.org/about#g1k_data_reuse
ftp://ftp.sra.ebi.ac.uk/vol1/fastq/SRR151/007/SRR1518077/SRR1518077_1.fastq.gz,70a815e038cd73577d778debbf3df795,1000 Genomes on GRCh38,sequence,Exome,NA18939,"Japanese in Tokyo, Japan",http://www.1000genomes.org/about#g1k_data_reuse
ftp://ftp.sra.ebi.ac.uk/vol1/fastq/SRR151/006/SRR1518206/SRR1518206_1.fastq.gz,b68538a618e5355caa08f90fbbe51f65,1000 Genomes on GRCh38,sequence,Exome,NA18939,"Japanese in Tokyo, Japan",http://www.1000genomes.org/about#g1k_data_reuse
ftp://ftp.sra.ebi.ac.uk/vol1/fastq/SRR151/000/SRR1518250/SRR1518250_2.fastq.gz,ec8f6d054c4fee61a5751302280ab4db,1000 Genomes on GRCh38,sequence,Exome,NA18939,"Japanese in Tokyo, Japan",http://www.1000genomes.org/about#g1k_data_reuse
ftp://ftp.sra.ebi.ac.uk/vol1/fastq/SRR151/008/SRR1518268/SRR1518268_2.fastq.gz,d2e9e4e5892633efdbf9c11286a5af8c,1000 Genomes on GRCh38,sequence,Exome,NA18939,"Japanese in Tokyo, Japan",http://www.1000genomes.org/about#g1k_data_reuse
ftp://ftp.sra.ebi.ac.uk/vol1/fastq/SRR233/SRR233126/SRR233126_1.fastq.gz,da839f93e8bc9ebe4d0a7b247f4ade1f,1000 Genomes on GRCh38,sequence,Exome,NA18984,"Japanese in Tokyo, Japan",http://www.1000genomes.org/about#g1k_data_reuse
ftp://ftp.sra.ebi.ac.uk/vol1/fastq/SRR233/SRR233129/SRR233129_2.fastq.gz,bfe19b3053be7f82a2d541d603fae8ce,1000 Genomes on GRCh38,sequence,Exome,NA18984,"Japanese in Tokyo, Japan",http://www.1000genomes.org/about#g1k_data_reuse
ftp://ftp.sra.ebi.ac.uk/vol1/fastq/SRR233/SRR233132/SRR233132_1.fastq.gz,f05d2ce91888c3e1eded20b2c2d19147,1000 Genomes on GRCh38,sequence,Exome,NA18984,"Japanese in Tokyo, Japan",http://www.1000genomes.org/about#g1k_data_reuse
ftp://ftp.sra.ebi.ac.uk/vol1/fastq/SRR233/SRR233135/SRR233135_2.fastq.gz,c2ee477fee075b9063b0a557c0911991,1000 Genomes on GRCh38,sequence,Exome,NA18984,"Japanese in Tokyo, Japan",http://www.1000genomes.org/about#g1k_data_reuse
ftp://ftp.sra.ebi.ac.uk/vol1/fastq/SRR233/SRR233138/SRR233138_1.fastq.gz,638f8fef5ed719587f42022434dfc0b7,1000 Genomes on GRCh38,sequence,Exome,NA18984,"Japanese in Tokyo, Japan",http://www.1000genomes.org/about#g1k_data_reuse
ftp://ftp.sra.ebi.ac.uk/vol1/fastq/SRR233/SRR233139/SRR233139_2.fastq.gz,018cd02945e4305277753f64db843bb3,1000 Genomes on GRCh38,sequence,Exome,NA18984,"Japanese in Tokyo, Japan",http://www.1000genomes.org/about#g1k_data_reuse
ftp://ftp.sra.ebi.ac.uk/vol1/fastq/SRR077/SRR077450/SRR077450_1.fastq.gz,07d859f49c6d2fffbd6c356975ef5779,1000 Genomes on GRCh38,sequence,Exome,NA18991,"Japanese in Tokyo, Japan",http://www.1000genomes.org/about#g1k_data_reuse
ftp://ftp.sra.ebi.ac.uk/vol1/fastq/SRR077/SRR077456/SRR077456_1.fastq.gz,402f86327641da62e0bb5e867a5e7bd1,1000 Genomes on GRCh38,sequence,Exome,NA18974,"Japanese in Tokyo, Japan",http://www.1000genomes.org/about#g1k_data_reuse
ftp://ftp.sra.ebi.ac.uk/vol1/fastq/SRR077/SRR077459/SRR077459_2.fastq.gz,59c22403fdebcccf75232af284053fab,1000 Genomes on GRCh38,sequence,Exome,NA19079,"Japanese in Tokyo, Japan",http://www.1000genomes.org/about#g1k_data_reuse
ftp://ftp.sra.ebi.ac.uk/vol1/fastq/SRR077/SRR077477/SRR077477_2.fastq.gz,61575cd1bff564a0070bb5666201ca7a,1000 Genomes on GRCh38,sequence,Exome,NA18981,"Japanese in Tokyo, Japan",http://www.1000genomes.org/about#g1k_data_reuse
ftp://ftp.sra.ebi.ac.uk/vol1/fastq/SRR077/SRR077490/SRR077490_2.fastq.gz,ef3922e2c2e74ddd83e3b015de212c7b,1000 Genomes on GRCh38,sequence,Exome,NA18972,"Japanese in Tokyo, Japan",http://www.1000genomes.org/about#g1k_data_reuse
ftp://ftp.sra.ebi.ac.uk/vol1/fastq/SRR077/SRR077751/SRR077751_1.fastq.gz,0271fe04ce27d2a0e3cfe2181be14893,1000 Genomes on GRCh38,sequence,Exome,NA18981,"Japanese in Tokyo, Japan",http://www.1000genomes.org/about#g1k_data_reuse
ftp://ftp.sra.ebi.ac.uk/vol1/fastq/SRR078/SRR078840/SRR078840_2.fastq.gz,b1150687e84aea50812038d11e38bba2,1000 Genomes on GRCh38,sequence,Exome,NA19084,"Japanese in Tokyo, Japan",http://www.1000genomes.org/about#g1k_data_reuse
ftp://ftp.sra.ebi.ac.uk/vol1/fastq/SRR078/SRR078846/SRR078846_2.fastq.gz,cac8d6465ad17c6ccaf5d9e0632f7b81,1000 Genomes on GRCh38,sequence,Exome,NA18973,"Japanese in Tokyo, Japan",http://www.1000genomes.org/about#g1k_data_reuse
ftp://ftp.sra.ebi.ac.uk/vol1/fastq/SRR078/SRR078849/SRR078849_1.fastq.gz,d0a8c4d5bb2a1d923f8aaddefed28a31,1000 Genomes on GRCh38,sequence,Exome,NA18975,"Japanese in Tokyo, Japan",http://www.1000genomes.org/about#g1k_data_reuse
ftp://ftp.sra.ebi.ac.uk/vol1/fastq/SRR081/SRR081225/SRR081225_1.fastq.gz,ff320eba0f8d3157603d45dd9c94f36b,1000 Genomes on GRCh38,sequence,Exome,NA18975,"Japanese in Tokyo, Japan",http://www.1000genomes.org/about#g1k_data_reuse
ftp://ftp.sra.ebi.ac.uk/vol1/fastq/SRR081/SRR081239/SRR081239_2.fastq.gz,3af21c84e28b500c69bf496b3a83c2e7,1000 Genomes on GRCh38,sequence,Exome,NA19074,"Japanese in Tokyo, Japan",http://www.1000genomes.org/about#g1k_data_reuse
ftp://ftp.sra.ebi.ac.uk/vol1/fastq/SRR081/SRR081265/SRR081265_2.fastq.gz,6eb710e8f7ca6f8e64b7fdd842760ce3,1000 Genomes on GRCh38,sequence,Exome,NA19084,"Japanese in Tokyo, Japan",http://www.1000genomes.org/about#g1k_data_reuse
ftp://ftp.sra.ebi.ac.uk/vol1/fastq/SRR081/SRR081273/SRR081273_1.fastq.gz,0a84cf3dd5d2eb0f66eff72a75268863,1000 Genomes on GRCh38,sequence,Exome,NA18969,"Japanese in Tokyo, Japan",http://www.1000genomes.org/about#g1k_data_reuse
ftp://ftp.sra.ebi.ac.uk/vol1/fastq/SRR098/SRR098423/SRR098423_1.fastq.gz,2bbb665d0b3fc749ec91497ef958a4ab,1000 Genomes on GRCh38,sequence,Exome,NA18985,"Japanese in Tokyo, Japan",http://www.1000genomes.org/about#g1k_data_reuse
ftp://ftp.sra.ebi.ac.uk/vol1/fastq/SRR098/SRR098425/SRR098425_2.fastq.gz,c31f9a4815fd2b8a4bdb3ec5cd53e23f,1000 Genomes on GRCh38,sequence,Exome,NA18985,"Japanese in Tokyo, Japan",http://www.1000genomes.org/about#g1k_data_reuse
ftp://ftp.sra.ebi.ac.uk/vol1/fastq/SRR098/SRR098426/SRR098426_2.fastq.gz,909b4a987b37bfa6eb0550574057f53a,1000 Genomes on GRCh38,sequence,Exome,NA18985,"Japanese in Tokyo, Japan",http://www.1000genomes.org/about#g1k_data_reuse
ftp://ftp.sra.ebi.ac.uk/vol1/fastq/SRR099/SRR099524/SRR099524_1.fastq.gz,e075583f930120c7de76c1cce22d4d3b,1000 Genomes on GRCh38,sequence,Exome,NA18983,"Japanese in Tokyo, Japan",http://www.1000genomes.org/about#g1k_data_reuse
ftp://ftp.sra.ebi.ac.uk/vol1/fastq/SRR099/SRR099527/SRR099527_2.fastq.gz,9ec2e6d2c5206ec449f1ac3ea7cf7030,1000 Genomes on GRCh38,sequence,Exome,NA18950,"Japanese in Tokyo, Japan",http://www.1000genomes.org/about#g1k_data_reuse
ftp://ftp.sra.ebi.ac.uk/vol1/fastq/SRR099/SRR099530/SRR099530_2.fastq.gz,cd87a5f24779ed0ad08686094261634f,1000 Genomes on GRCh38,sequence,Exome,NA19057,"Japanese in Tokyo, Japan",http://www.1000genomes.org/about#g1k_data_reuse
ftp://ftp.sra.ebi.ac.uk/vol1/fastq/SRR099/SRR099532/SRR099532_1.fastq.gz,047e55b626f59d02631b1ee89968d829,1000 Genomes on GRCh38,sequence,Exome,NA19003,"Japanese in Tokyo, Japan",http://www.1000genomes.org/about#g1k_data_reuse
ftp://ftp.sra.ebi.ac.uk/vol1/fastq/SRR099/SRR099535/SRR099535_1.fastq.gz,45cd00d11a5c6dc4411e19cd99948942,1000 Genomes on GRCh38,sequence,Exome,NA19055,"Japanese in Tokyo, Japan",http://www.1000genomes.org/about#g1k_data_reuse
ftp://ftp.sra.ebi.ac.uk/vol1/fastq/SRR099/SRR099538/SRR099538_2.fastq.gz,8d981476f9bd71aeb82b3f2f48e6f1a2,1000 Genomes on GRCh38,sequence,Exome,NA19068,"Japanese in Tokyo, Japan",http://www.1000genomes.org/about#g1k_data_reuse
ftp://ftp.sra.ebi.ac.uk/vol1/fastq/SRR099/SRR099541/SRR099541_2.fastq.gz,c7a97aed033602ec4d52bff9ef752554,1000 Genomes on GRCh38,sequence,Exome,NA19058,"Japanese in Tokyo, Japan",http://www.1000genomes.org/about#g1k_data_reuse
ftp://ftp.sra.ebi.ac.uk/vol1/fastq/SRR099/SRR099542/SRR099542_2.fastq.gz,48c7a2c2188aa86da1bf33275bb05f52,1000 Genomes on GRCh38,sequence,Exome,NA18986,"Japanese in Tokyo, Japan",http://www.1000genomes.org/about#g1k_data_reuse
ftp://ftp.sra.ebi.ac.uk/vol1/fastq/SRR099/SRR099545/SRR099545_1.fastq.gz,f5814da74c948dbeb9b59d44d72382ff,1000 Genomes on GRCh38,sequence,Exome,NA18959,"Japanese in Tokyo, Japan",http://www.1000genomes.org/about#g1k_data_reuse
ftp://ftp.sra.ebi.ac.uk/vol1/fastq/SRR099/SRR099548/SRR099548_2.fastq.gz,66bf8a010889da080027fab31fdeacc0,1000 Genomes on GRCh38,sequence,Exome,NA19056,"Japanese in Tokyo, Japan",http://www.1000genomes.org/about#g1k_data_reuse
ftp://ftp.sra.ebi.ac.uk/vol1/fastq/SRR101/SRR101152/SRR101152_2.fastq.gz,000663e2e0b0f7ac5aa07a27fab56be8,1000 Genomes on GRCh38,sequence,Exome,NA18985,"Japanese in Tokyo, Japan",http://www.1000genomes.org/about#g1k_data_reuse
ftp://ftp.sra.ebi.ac.uk/vol1/fastq/SRR101/SRR101153/SRR101153_2.fastq.gz,43e5a8b6258ca60070f68f4bddfa833d,1000 Genomes on GRCh38,sequence,Exome,NA18985,"Japanese in Tokyo, Japan",http://www.1000genomes.org/about#g1k_data_reuse
ftp://ftp.sra.ebi.ac.uk/vol1/fastq/SRR101/SRR101156/SRR101156_1.fastq.gz,ab180c3264d895c942e4625ba0b3cebb,1000 Genomes on GRCh38,sequence,Exome,NA18985,"Japanese in Tokyo, Japan",http://www.1000genomes.org/about#g1k_data_reuse
ftp://ftp.sra.ebi.ac.uk/vol1/fastq/SRR112/SRR112295/SRR112295_2.fastq.gz,f9b1e4ef44f99b6730173ba4617c5ca0,1000 Genomes on GRCh38,sequence,Exome,NA18982,"Japanese in Tokyo, Japan",http://www.1000genomes.org/about#g1k_data_reuse
ftp://ftp.sra.ebi.ac.uk/vol1/fastq/SRR151/003/SRR1517843/SRR1517843_2.fastq.gz,d426dfd4340f7df3da433b8b4a7a0e20,1000 Genomes on GRCh38,sequence,Exome,NA18939,"Japanese in Tokyo, Japan",http://www.1000genomes.org/about#g1k_data_reuse
ftp://ftp.sra.ebi.ac.uk/vol1/fastq/SRR151/000/SRR1517850/SRR1517850_2.fastq.gz,9a368f7647b26ed82b09ba4109eca1c2,1000 Genomes on GRCh38,sequence,Exome,NA18939,"Japanese in Tokyo, Japan",http://www.1000genomes.org/about#g1k_data_reuse
ftp://ftp.sra.ebi.ac.uk/vol1/fastq/SRR151/006/SRR1517856/SRR1517856_2.fastq.gz,4e746de77473a693278c65fd46659c36,1000 Genomes on GRCh38,sequence,Exome,NA18939,"Japanese in Tokyo, Japan",http://www.1000genomes.org/about#g1k_data_reuse
ftp://ftp.sra.ebi.ac.uk/vol1/fastq/SRR151/008/SRR1517868/SRR1517868_2.fastq.gz,db45bc1580c5c1e8dae6da782a475e03,1000 Genomes on GRCh38,sequence,Exome,NA18939,"Japanese in Tokyo, Japan",http://www.1000genomes.org/about#g1k_data_reuse
ftp://ftp.sra.ebi.ac.uk/vol1/fastq/SRR151/008/SRR1517928/SRR1517928_2.fastq.gz,d16fbdf1dad1b657c711cbc5346764dc,1000 Genomes on GRCh38,sequence,Exome,NA18939,"Japanese in Tokyo, Japan",http://www.1000genomes.org/about#g1k_data_reuse
ftp://ftp.sra.ebi.ac.uk/vol1/fastq/SRR151/007/SRR1518057/SRR1518057_2.fastq.gz,59bbcd4cf9ba9da6af21510a826e1a4b,1000 Genomes on GRCh38,sequence,Exome,NA18939,"Japanese in Tokyo, Japan",http://www.1000genomes.org/about#g1k_data_reuse
ftp://ftp.sra.ebi.ac.uk/vol1/fastq/SRR151/005/SRR1518255/SRR1518255_1.fastq.gz,b873e96a0e2ad8e8cab3b23db4cca2b9,1000 Genomes on GRCh38,sequence,Exome,NA18939,"Japanese in Tokyo, Japan",http://www.1000genomes.org/about#g1k_data_reuse
ftp://ftp.sra.ebi.ac.uk/vol1/fastq/SRR151/008/SRR1518268/SRR1518268_1.fastq.gz,c8caef9cd4e8afbc25554c6927793c2a,1000 Genomes on GRCh38,sequence,Exome,NA18939,"Japanese in Tokyo, Japan",http://www.1000genomes.org/about#g1k_data_reuse
ftp://ftp.sra.ebi.ac.uk/vol1/fastq/SRR233/SRR233128/SRR233128_1.fastq.gz,f03d21a6e406108e398580b5e465c1cf,1000 Genomes on GRCh38,sequence,Exome,NA18984,"Japanese in Tokyo, Japan",http://www.1000genomes.org/about#g1k_data_reuse
ftp://ftp.sra.ebi.ac.uk/vol1/fastq/SRR233/SRR233129/SRR233129_1.fastq.gz,423066e74623f823fa4de61e46ba514f,1000 Genomes on GRCh38,sequence,Exome,NA18984,"Japanese in Tokyo, Japan",http://www.1000genomes.org/about#g1k_data_reuse
ftp://ftp.sra.ebi.ac.uk/vol1/fastq/SRR233/SRR233131/SRR233131_2.fastq.gz,e80d838d0a719f9f565720208e261ba3,1000 Genomes on GRCh38,sequence,Exome,NA18984,"Japanese in Tokyo, Japan",http://www.1000genomes.org/about#g1k_data_reuse
ftp://ftp.sra.ebi.ac.uk/vol1/fastq/SRR233/SRR233135/SRR233135_1.fastq.gz,1702544b13ce650403c3219b6dd244b1,1000 Genomes on GRCh38,sequence,Exome,NA18984,"Japanese in Tokyo, Japan",http://www.1000genomes.org/about#g1k_data_reuse
ftp://ftp.sra.ebi.ac.uk/vol1/fastq/SRR233/SRR233137/SRR233137_2.fastq.gz,47eca6f1bcb255efe6928f79b78147b5,1000 Genomes on GRCh38,sequence,Exome,NA18984,"Japanese in Tokyo, Japan",http://www.1000genomes.org/about#g1k_data_reuse
ftp://ftp.sra.ebi.ac.uk/vol1/fastq/SRR233/SRR233139/SRR233139_1.fastq.gz,a3c8e0a11737dd76ae45996765f4f37e,1000 Genomes on GRCh38,sequence,Exome,NA18984,"Japanese in Tokyo, Japan",http://www.1000genomes.org/about#g1k_data_reuse
ftp://ftp.sra.ebi.ac.uk/vol1/fastq/SRR791/SRR791954/SRR791954_2.fastq.gz,33b42339477d9def424c7fd91fd239ed,1000 Genomes on GRCh38,sequence,Exome,NA19078,"Japanese in Tokyo, Japan",http://www.1000genomes.org/about#g1k_data_reuse
ftp://ftp.sra.ebi.ac.uk/vol1/fastq/ERR250/ERR250252/ERR250252_1.fastq.gz,e2a8648f0e8c0ecb374dd5521b4bb870,1000 Genomes on GRCh38,sequence,Exome,NA19090,"Japanese in Tokyo, Japan",http://www.1000genomes.org/about#g1k_data_reuse
ftp://ftp.sra.ebi.ac.uk/vol1/fastq/ERR250/ERR250253/ERR250253_1.fastq.gz,22868ba2cbe3dfbbf4271eee9f17b436,1000 Genomes on GRCh38,sequence,Exome,NA19091,"Japanese in Tokyo, Japan",http://www.1000genomes.org/about#g1k_data_reuse
ftp://ftp.sra.ebi.ac.uk/vol1/fastq/ERR250/ERR250952/ERR250952_2.fastq.gz,b59c05fb199029344f6ae489bd6227d1,1000 Genomes on GRCh38,sequence,Exome,NA19006,"Japanese in Tokyo, Japan",http://www.1000genomes.org/about#g1k_data_reuse
ftp://ftp.sra.ebi.ac.uk/vol1/fastq/ERR250/ERR250953/ERR250953_2.fastq.gz,dc91d8aa8b43d33311022fe040115231,1000 Genomes on GRCh38,sequence,Exome,NA19006,"Japanese in Tokyo, Japan",http://www.1000genomes.org/about#g1k_data_reuse
ftp://ftp.sra.ebi.ac.uk/vol1/fastq/ERR250/ERR250962/ERR250962_1.fastq.gz,47b4d8928a94ebfa7f959e1b46d747f6,1000 Genomes on GRCh38,sequence,Exome,NA19089,"Japanese in Tokyo, Japan",http://www.1000genomes.org/about#g1k_data_reuse
ftp://ftp.sra.ebi.ac.uk/vol1/fastq/ERR250/ERR250963/ERR250963_1.fastq.gz,cf07714765db4bb22f1f468f6d5a395d,1000 Genomes on GRCh38,sequence,Exome,NA19090,"Japanese in Tokyo, Japan",http://www.1000genomes.org/about#g1k_data_reuse
ftp://ftp.sra.ebi.ac.uk/vol1/fastq/SRR081/SRR081225/SRR081225_2.fastq.gz,4d0161b1b972d5cf506b4a1a975c987a,1000 Genomes on GRCh38,sequence,Exome,NA18975,"Japanese in Tokyo, Japan",http://www.1000genomes.org/about#g1k_data_reuse
ftp://ftp.sra.ebi.ac.uk/vol1/fastq/SRR081/SRR081231/SRR081231_1.fastq.gz,b1b6a5f2fe376f4f0e70ab761e061d3d,1000 Genomes on GRCh38,sequence,Exome,NA18968,"Japanese in Tokyo, Japan",http://www.1000genomes.org/about#g1k_data_reuse
ftp://ftp.sra.ebi.ac.uk/vol1/fastq/SRR081/SRR081248/SRR081248_1.fastq.gz,a5f95f72c253926c801c917ac29b6283,1000 Genomes on GRCh38,sequence,Exome,NA18974,"Japanese in Tokyo, Japan",http://www.1000genomes.org/about#g1k_data_reuse
ftp://ftp.sra.ebi.ac.uk/vol1/fastq/SRR081/SRR081266/SRR081266_1.fastq.gz,95029314a64b556673ed9100f071f5c0,1000 Genomes on GRCh38,sequence,Exome,NA18969,"Japanese in Tokyo, Japan",http://www.1000genomes.org/about#g1k_data_reuse
ftp://ftp.sra.ebi.ac.uk/vol1/fastq/SRR081/SRR081273/SRR081273_2.fastq.gz,1b79d5d0b2cf3069724181f2d8b8348a,1000 Genomes on GRCh38,sequence,Exome,NA18969,"Japanese in Tokyo, Japan",http://www.1000genomes.org/about#g1k_data_reuse
ftp://ftp.sra.ebi.ac.uk/vol1/fastq/SRR098/SRR098420/SRR098420_1.fastq.gz,9eedb6cc9881a017e81c091f44708220,1000 Genomes on GRCh38,sequence,Exome,NA19064,"Japanese in Tokyo, Japan",http://www.1000genomes.org/about#g1k_data_reuse
ftp://ftp.sra.ebi.ac.uk/vol1/fastq/SRR098/SRR098421/SRR098421_1.fastq.gz,edca46d60a7372d068cb567790587998,1000 Genomes on GRCh38,sequence,Exome,NA18985,"Japanese in Tokyo, Japan",http://www.1000genomes.org/about#g1k_data_reuse
ftp://ftp.sra.ebi.ac.uk/vol1/fastq/SRR098/SRR098423/SRR098423_2.fastq.gz,e1318f92d0eec7323b1d4b2bdf9b0168,1000 Genomes on GRCh38,sequence,Exome,NA18985,"Japanese in Tokyo, Japan",http://www.1000genomes.org/about#g1k_data_reuse
ftp://ftp.sra.ebi.ac.uk/vol1/fastq/SRR098/SRR098427/SRR098427_1.fastq.gz,04b6b1b539a2eae2ba0576f1d73bf065,1000 Genomes on GRCh38,sequence,Exome,NA19067,"Japanese in Tokyo, Japan",http://www.1000genomes.org/about#g1k_data_reuse
ftp://ftp.sra.ebi.ac.uk/vol1/fastq/SRR099/SRR099524/SRR099524_2.fastq.gz,1f643ea4806e6a96dd085bbdc60c3ddd,1000 Genomes on GRCh38,sequence,Exome,NA18983,"Japanese in Tokyo, Japan",http://www.1000genomes.org/about#g1k_data_reuse
ftp://ftp.sra.ebi.ac.uk/vol1/fastq/SRR099/SRR099528/SRR099528_1.fastq.gz,dce46be6813dc34682111983dd434373,1000 Genomes on GRCh38,sequence,Exome,NA19000,"Japanese in Tokyo, Japan",http://www.1000genomes.org/about#g1k_data_reuse
ftp://ftp.sra.ebi.ac.uk/vol1/fastq/SRR099/SRR099531/SRR099531_1.fastq.gz,6a402cad0f812ffdf7417af0e6842c24,1000 Genomes on GRCh38,sequence,Exome,NA19054,"Japanese in Tokyo, Japan",http://www.1000genomes.org/about#g1k_data_reuse
ftp://ftp.sra.ebi.ac.uk/vol1/fastq/SRR099/SRR099532/SRR099532_2.fastq.gz,707350bb9510d0c76a9e4ca120c7e020,1000 Genomes on GRCh38,sequence,Exome,NA19003,"Japanese in Tokyo, Japan",http://www.1000genomes.org/about#g1k_data_reuse
ftp://ftp.sra.ebi.ac.uk/vol1/fastq/SRR099/SRR099535/SRR099535_2.fastq.gz,60e9007c6ee09d65743765da6f6bba65,1000 Genomes on GRCh38,sequence,Exome,NA19055,"Japanese in Tokyo, Japan",http://www.1000genomes.org/about#g1k_data_reuse
ftp://ftp.sra.ebi.ac.uk/vol1/fastq/SRR099/SRR099539/SRR099539_1.fastq.gz,6b8861016963abbd99d7f7465d95c265,1000 Genomes on GRCh38,sequence,Exome,NA18964,"Japanese in Tokyo, Japan",http://www.1000genomes.org/about#g1k_data_reuse
ftp://ftp.sra.ebi.ac.uk/vol1/fastq/SRR099/SRR099542/SRR099542_1.fastq.gz,82d287e0e20d5ebd2c1942e926ac2261,1000 Genomes on GRCh38,sequence,Exome,NA18986,"Japanese in Tokyo, Japan",http://www.1000genomes.org/about#g1k_data_reuse
ftp://ftp.sra.ebi.ac.uk/vol1/fastq/SRR099/SRR099543/SRR099543_1.fastq.gz,628822a9f14bbc8fa622d1c0c76bad85,1000 Genomes on GRCh38,sequence,Exome,NA19063,"Japanese in Tokyo, Japan",http://www.1000genomes.org/about#g1k_data_reuse
ftp://ftp.sra.ebi.ac.uk/vol1/fastq/SRR099/SRR099545/SRR099545_2.fastq.gz,17b95b28db89e1d15f2fb93f18efd0d6,1000 Genomes on GRCh38,sequence,Exome,NA18959,"Japanese in Tokyo, Japan",http://www.1000genomes.org/about#g1k_data_reuse
ftp://ftp.sra.ebi.ac.uk/vol1/fastq/SRR099/SRR099549/SRR099549_1.fastq.gz,e506fd7bd5814002329c29600baa3e9c,1000 Genomes on GRCh38,sequence,Exome,NA19007,"Japanese in Tokyo, Japan",http://www.1000genomes.org/about#g1k_data_reuse
ftp://ftp.sra.ebi.ac.uk/vol1/fastq/SRR101/SRR101154/SRR101154_1.fastq.gz,3a136fc7294f428640aea799c1d0e1fb,1000 Genomes on GRCh38,sequence,Exome,NA18985,"Japanese in Tokyo, Japan",http://www.1000genomes.org/about#g1k_data_reuse
ftp://ftp.sra.ebi.ac.uk/vol1/fastq/SRR101/SRR101156/SRR101156_2.fastq.gz,aa93903fcd76a139d55b4eea063022e9,1000 Genomes on GRCh38,sequence,Exome,NA18985,"Japanese in Tokyo, Japan",http://www.1000genomes.org/about#g1k_data_reuse
ftp://ftp.sra.ebi.ac.uk/vol1/fastq/SRR077/SRR077442/SRR077442_1.fastq.gz,18e2dd1f08351cf92e297d2e2cd852e4,1000 Genomes on GRCh38,sequence,Exome,NA19074,"Japanese in Tokyo, Japan",http://www.1000genomes.org/about#g1k_data_reuse
ftp://ftp.sra.ebi.ac.uk/vol1/fastq/SRR077/SRR077450/SRR077450_2.fastq.gz,c8cbf289ec353131006d233c65faaa62,1000 Genomes on GRCh38,sequence,Exome,NA18991,"Japanese in Tokyo, Japan",http://www.1000genomes.org/about#g1k_data_reuse
ftp://ftp.sra.ebi.ac.uk/vol1/fastq/SRR077/SRR077454/SRR077454_1.fastq.gz,fcada3d0f14d5a20ec8d92d641221369,1000 Genomes on GRCh38,sequence,Exome,NA18990,"Japanese in Tokyo, Japan",http://www.1000genomes.org/about#g1k_data_reuse
ftp://ftp.sra.ebi.ac.uk/vol1/fastq/SRR077/SRR077456/SRR077456_2.fastq.gz,638e1a32269bef135f19f655926ee2a5,1000 Genomes on GRCh38,sequence,Exome,NA18974,"Japanese in Tokyo, Japan",http://www.1000genomes.org/about#g1k_data_reuse
ftp://ftp.sra.ebi.ac.uk/vol1/fastq/SRR077/SRR077466/SRR077466_1.fastq.gz,4306783f24437ad753ce4e4e43fbdc93,1000 Genomes on GRCh38,sequence,Exome,NA19072,"Japanese in Tokyo, Japan",http://www.1000genomes.org/about#g1k_data_reuse
ftp://ftp.sra.ebi.ac.uk/vol1/fastq/SRR077/SRR077491/SRR077491_1.fastq.gz,4093bc79c8540f31795c4a2d20a375a1,1000 Genomes on GRCh38,sequence,Exome,NA18987,"Japanese in Tokyo, Japan",http://www.1000genomes.org/about#g1k_data_reuse
ftp://ftp.sra.ebi.ac.uk/vol1/fastq/SRR077/SRR077751/SRR077751_2.fastq.gz,a4f53e3b9cbce18583ca76038c8ccfbc,1000 Genomes on GRCh38,sequence,Exome,NA18981,"Japanese in Tokyo, Japan",http://www.1000genomes.org/about#g1k_data_reuse
ftp://ftp.sra.ebi.ac.uk/vol1/fastq/SRR077/SRR077853/SRR077853_1.fastq.gz,0a6aa574aeb2975c6fd5d18d45c892d3,1000 Genomes on GRCh38,sequence,Exome,NA18987,"Japanese in Tokyo, Japan",http://www.1000genomes.org/about#g1k_data_reuse
ftp://ftp.sra.ebi.ac.uk/vol1/fastq/SRR078/SRR078849/SRR078849_2.fastq.gz,8474b823ed2f4428f8ef01bf82e5b3c0,1000 Genomes on GRCh38,sequence,Exome,NA18975,"Japanese in Tokyo, Japan",http://www.1000genomes.org/about#g1k_data_reuse
ftp://ftp.sra.ebi.ac.uk/vol1/fastq/SRR702/SRR702078/SRR702078_1.fastq.gz,3296d99f3cffd89129aa431edad2ef6f,1000 Genomes on GRCh38,sequence,Exome,NA18997,"Japanese in Tokyo, Japan",http://www.1000genomes.org/about#g1k_data_reuse
ftp://ftp.sra.ebi.ac.uk/vol1/fastq/SRR715/SRR715907/SRR715907_2.fastq.gz,e3e49c3df54788ffb864b30d66cb044f,1000 Genomes on GRCh38,sequence,Exome,NA19010,"Japanese in Tokyo, Japan",http://www.1000genomes.org/about#g1k_data_reuse
ftp://ftp.sra.ebi.ac.uk/vol1/fastq/SRR716/SRR716428/SRR716428_2.fastq.gz,5fa1a6656f242d428bedc81e480f020b,1000 Genomes on GRCh38,sequence,Exome,NA18992,"Japanese in Tokyo, Japan",http://www.1000genomes.org/about#g1k_data_reuse
ftp://ftp.sra.ebi.ac.uk/vol1/fastq/SRR716/SRR716431/SRR716431_1.fastq.gz,94cecb0ed6644590d64bc8537b5c769e,1000 Genomes on GRCh38,sequence,Exome,NA18994,"Japanese in Tokyo, Japan",http://www.1000genomes.org/about#g1k_data_reuse
ftp://ftp.sra.ebi.ac.uk/vol1/fastq/SRR716/SRR716650/SRR716650_2.fastq.gz,6c968cbc708adcfa8520e80754615801,1000 Genomes on GRCh38,sequence,Exome,NA18978,"Japanese in Tokyo, Japan",http://www.1000genomes.org/about#g1k_data_reuse
ftp://ftp.sra.ebi.ac.uk/vol1/fastq/SRR718/SRR718081/SRR718081_1.fastq.gz,62f56bbbd49a0985f1236246c89873db,1000 Genomes on GRCh38,sequence,Exome,NA18977,"Japanese in Tokyo, Japan",http://www.1000genomes.org/about#g1k_data_reuse
ftp://ftp.sra.ebi.ac.uk/vol1/fastq/SRR764/SRR764743/SRR764743_2.fastq.gz,cf0f8df0154054a018bf8059dee7aaf7,1000 Genomes on GRCh38,sequence,Exome,NA18954,"Japanese in Tokyo, Japan",http://www.1000genomes.org/about#g1k_data_reuse
ftp://ftp.sra.ebi.ac.uk/vol1/fastq/SRR765/SRR765997/SRR765997_2.fastq.gz,c01607cde17a04902418898781c86392,1000 Genomes on GRCh38,sequence,Exome,NA18963,"Japanese in Tokyo, Japan",http://www.1000genomes.org/about#g1k_data_reuse
ftp://ftp.sra.ebi.ac.uk/vol1/fastq/SRR766/SRR766013/SRR766013_1.fastq.gz,4aca2c4316e3ed04efb3c505e9b461aa,1000 Genomes on GRCh38,sequence,Exome,NA18998,"Japanese in Tokyo, Japan",http://www.1000genomes.org/about#g1k_data_reuse
ftp://ftp.sra.ebi.ac.uk/vol1/fastq/SRR766/SRR766028/SRR766028_2.fastq.gz,2b6b8d404c6388e6f92055dd6fc72679,1000 Genomes on GRCh38,sequence,Exome,NA18956,"Japanese in Tokyo, Japan",http://www.1000genomes.org/about#g1k_data_reuse
ftp://ftp.sra.ebi.ac.uk/vol1/fastq/SRR768/SRR768534/SRR768534_2.fastq.gz,7a2da0055e204fcd9f4b33c9ca156f78,1000 Genomes on GRCh38,sequence,Exome,NA18957,"Japanese in Tokyo, Japan",http://www.1000genomes.org/about#g1k_data_reuse
ftp://ftp.sra.ebi.ac.uk/vol1/fastq/SRR791/SRR791954/SRR791954_1.fastq.gz,17631eb51205bf5f367272cbe617f735,1000 Genomes on GRCh38,sequence,Exome,NA19078,"Japanese in Tokyo, Japan",http://www.1000genomes.org/about#g1k_data_reuse
ftp://ftp.sra.ebi.ac.uk/vol1/fastq/SRR816/SRR816281/SRR816281_2.fastq.gz,8a5c37eb7b0498d8292cba73f8b44ac0,1000 Genomes on GRCh38,sequence,Exome,NA18955,"Japanese in Tokyo, Japan",http://www.1000genomes.org/about#g1k_data_reuse
ftp://ftp.sra.ebi.ac.uk/vol1/fastq/SRR070/SRR070493/SRR070493_2.fastq.gz,5c2c2932b8c2b7dede41e38dfe326357,1000 Genomes on GRCh38,sequence,Exome,NA19076,"Japanese in Tokyo, Japan",http://www.1000genomes.org/about#g1k_data_reuse
ftp://ftp.sra.ebi.ac.uk/vol1/fastq/SRR071/SRR071116/SRR071116_1.fastq.gz,05e91b8ecc58408d374ac146f2873966,1000 Genomes on GRCh38,sequence,Exome,NA18970,"Japanese in Tokyo, Japan",http://www.1000genomes.org/about#g1k_data_reuse
ftp://ftp.sra.ebi.ac.uk/vol1/fastq/SRR071/SRR071138/SRR071138_2.fastq.gz,20f06a82cac78d53878ae9ee30dfe4a5,1000 Genomes on GRCh38,sequence,Exome,NA19077,"Japanese in Tokyo, Japan",http://www.1000genomes.org/about#g1k_data_reuse
ftp://ftp.sra.ebi.ac.uk/vol1/fastq/SRR071/SRR071165/SRR071165_1.fastq.gz,ed4f10ec22e62bc05e73bc9dd4d9f73d,1000 Genomes on GRCh38,sequence,Exome,NA19085,"Japanese in Tokyo, Japan",http://www.1000genomes.org/about#g1k_data_reuse
ftp://ftp.sra.ebi.ac.uk/vol1/fastq/SRR071/SRR071168/SRR071168_2.fastq.gz,6ee4c4fb054639fa1e50b1d17aff1430,1000 Genomes on GRCh38,sequence,Exome,NA19075,"Japanese in Tokyo, Japan",http://www.1000genomes.org/about#g1k_data_reuse
ftp://ftp.sra.ebi.ac.uk/vol1/fastq/SRR071/SRR071171/SRR071171_1.fastq.gz,9e463c1ac15277151dd1d500b0b9dbab,1000 Genomes on GRCh38,sequence,Exome,NA19075,"Japanese in Tokyo, Japan",http://www.1000genomes.org/about#g1k_data_reuse
ftp://ftp.sra.ebi.ac.uk/vol1/fastq/SRR071/SRR071181/SRR071181_2.fastq.gz,8ee74c6a71db4564b69053e18bd4c02e,1000 Genomes on GRCh38,sequence,Exome,NA19080,"Japanese in Tokyo, Japan",http://www.1000genomes.org/about#g1k_data_reuse
ftp://ftp.sra.ebi.ac.uk/vol1/fastq/SRR071/SRR071197/SRR071197_2.fastq.gz,f9ff2c399d642834f48499e3f0d36c22,1000 Genomes on GRCh38,sequence,Exome,NA19082,"Japanese in Tokyo, Japan",http://www.1000genomes.org/about#g1k_data_reuse
ftp://ftp.sra.ebi.ac.uk/vol1/fastq/SRR715/SRR715908/SRR715908_1.fastq.gz,2de3afa712724b90eceacd1623d26938,1000 Genomes on GRCh38,sequence,Exome,NA19010,"Japanese in Tokyo, Japan",http://www.1000genomes.org/about#g1k_data_reuse
ftp://ftp.sra.ebi.ac.uk/vol1/fastq/SRR716/SRR716429/SRR716429_1.fastq.gz,2f62b4b61143d2b8d40a8f0129f7502b,1000 Genomes on GRCh38,sequence,Exome,NA19002,"Japanese in Tokyo, Japan",http://www.1000genomes.org/about#g1k_data_reuse
ftp://ftp.sra.ebi.ac.uk/vol1/fastq/SRR716/SRR716431/SRR716431_2.fastq.gz,e0a34611396b1a292bec40827103223e,1000 Genomes on GRCh38,sequence,Exome,NA18994,"Japanese in Tokyo, Japan",http://www.1000genomes.org/about#g1k_data_reuse
ftp://ftp.sra.ebi.ac.uk/vol1/fastq/SRR716/SRR716651/SRR716651_1.fastq.gz,c845d97895444aaaa37750519f2fc969,1000 Genomes on GRCh38,sequence,Exome,NA18979,"Japanese in Tokyo, Japan",http://www.1000genomes.org/about#g1k_data_reuse
ftp://ftp.sra.ebi.ac.uk/vol1/fastq/SRR716/SRR716652/SRR716652_1.fastq.gz,2aec65eb29052f6a403ec97a947f4dd4,1000 Genomes on GRCh38,sequence,Exome,NA18980,"Japanese in Tokyo, Japan",http://www.1000genomes.org/about#g1k_data_reuse
ftp://ftp.sra.ebi.ac.uk/vol1/fastq/SRR718/SRR718081/SRR718081_2.fastq.gz,b54694c4933db68843a392dbfc6c71ff,1000 Genomes on GRCh38,sequence,Exome,NA18977,"Japanese in Tokyo, Japan",http://www.1000genomes.org/about#g1k_data_reuse
ftp://ftp.sra.ebi.ac.uk/vol1/fastq/SRR764/SRR764744/SRR764744_1.fastq.gz,e5aaadeb54568ca3e575dc98e34a6a65,1000 Genomes on GRCh38,sequence,Exome,NA18954,"Japanese in Tokyo, Japan",http://www.1000genomes.org/about#g1k_data_reuse
ftp://ftp.sra.ebi.ac.uk/vol1/fastq/SRR764/SRR764771/SRR764771_1.fastq.gz,9b91239bb16a7ca354d943caafe7e90d,1000 Genomes on GRCh38,sequence,Exome,NA18965,"Japanese in Tokyo, Japan",http://www.1000genomes.org/about#g1k_data_reuse
ftp://ftp.sra.ebi.ac.uk/vol1/fastq/SRR766/SRR766013/SRR766013_2.fastq.gz,e31d327fd93c94d01f6d0432e7b05370,1000 Genomes on GRCh38,sequence,Exome,NA18998,"Japanese in Tokyo, Japan",http://www.1000genomes.org/about#g1k_data_reuse
ftp://ftp.sra.ebi.ac.uk/vol1/fastq/SRR766/SRR766029/SRR766029_1.fastq.gz,6d6da2cf3f1749995dfae7b403db7a51,1000 Genomes on GRCh38,sequence,Exome,NA18941,"Japanese in Tokyo, Japan",http://www.1000genomes.org/about#g1k_data_reuse
ftp://ftp.sra.ebi.ac.uk/vol1/fastq/SRR702/SRR702078/SRR702078_2.fastq.gz,a5bf4f6e1c07f472c8c73abdb21f7b19,1000 Genomes on GRCh38,sequence,Exome,NA18997,"Japanese in Tokyo, Japan",http://www.1000genomes.org/about#g1k_data_reuse
ftp://ftp.sra.ebi.ac.uk/vol1/fastq/SRR112/SRR112296/SRR112296_2.fastq.gz,ca8439faa72b062c9ceb8b36f550a6fc,1000 Genomes on GRCh38,sequence,Exome,NA18989,"Japanese in Tokyo, Japan",http://www.1000genomes.org/about#g1k_data_reuse
ftp://ftp.sra.ebi.ac.uk/vol1/fastq/SRR151/005/SRR1517955/SRR1517955_1.fastq.gz,7fc2833231c064a6045a9ea0654728a0,1000 Genomes on GRCh38,sequence,Exome,NA18939,"Japanese in Tokyo, Japan",http://www.1000genomes.org/about#g1k_data_reuse
ftp://ftp.sra.ebi.ac.uk/vol1/fastq/SRR151/007/SRR1518077/SRR1518077_2.fastq.gz,a98acce71a87bb1dccd4ee0a0b9de0af,1000 Genomes on GRCh38,sequence,Exome,NA18939,"Japanese in Tokyo, Japan",http://www.1000genomes.org/about#g1k_data_reuse
ftp://ftp.sra.ebi.ac.uk/vol1/fastq/SRR151/006/SRR1518206/SRR1518206_2.fastq.gz,70106dcb0791d7461c6ef8eafc0b365c,1000 Genomes on GRCh38,sequence,Exome,NA18939,"Japanese in Tokyo, Japan",http://www.1000genomes.org/about#g1k_data_reuse
ftp://ftp.sra.ebi.ac.uk/vol1/fastq/SRR151/008/SRR1518238/SRR1518238_1.fastq.gz,8222b418134c0cd530a6a211b0d540a4,1000 Genomes on GRCh38,sequence,Exome,NA18939,"Japanese in Tokyo, Japan",http://www.1000genomes.org/about#g1k_data_reuse
ftp://ftp.sra.ebi.ac.uk/vol1/fastq/SRR151/000/SRR1518250/SRR1518250_1.fastq.gz,bc934a5afc850756407ce86e60442572,1000 Genomes on GRCh38,sequence,Exome,NA18939,"Japanese in Tokyo, Japan",http://www.1000genomes.org/about#g1k_data_reuse
ftp://ftp.sra.ebi.ac.uk/vol1/fastq/SRR233/SRR233126/SRR233126_2.fastq.gz,0fd1f014995a7f1cdd7c21d92f59b6da,1000 Genomes on GRCh38,sequence,Exome,NA18984,"Japanese in Tokyo, Japan",http://www.1000genomes.org/about#g1k_data_reuse
ftp://ftp.sra.ebi.ac.uk/vol1/fastq/SRR233/SRR233130/SRR233130_1.fastq.gz,2beb0169fc7b45289f317116cb382b82,1000 Genomes on GRCh38,sequence,Exome,NA18984,"Japanese in Tokyo, Japan",http://www.1000genomes.org/about#g1k_data_reuse
ftp://ftp.sra.ebi.ac.uk/vol1/fastq/SRR233/SRR233132/SRR233132_2.fastq.gz,3ca7cdd6356f81b6777a66056c610d8c,1000 Genomes on GRCh38,sequence,Exome,NA18984,"Japanese in Tokyo, Japan",http://www.1000genomes.org/about#g1k_data_reuse
ftp://ftp.sra.ebi.ac.uk/vol1/fastq/SRR233/SRR233133/SRR233133_2.fastq.gz,7d298e297ce46e13b8491e39378bf203,1000 Genomes on GRCh38,sequence,Exome,NA18984,"Japanese in Tokyo, Japan",http://www.1000genomes.org/about#g1k_data_reuse
ftp://ftp.sra.ebi.ac.uk/vol1/fastq/SRR233/SRR233136/SRR233136_1.fastq.gz,8a7e2892dd3fe8c492aa5ee3ab8d3e2c,1000 Genomes on GRCh38,sequence,Exome,NA18984,"Japanese in Tokyo, Japan",http://www.1000genomes.org/about#g1k_data_reuse
ftp://ftp.sra.ebi.ac.uk/vol1/fastq/SRR233/SRR233140/SRR233140_1.fastq.gz,21938f91a1a401eef0a3fd583e0be541,1000 Genomes on GRCh38,sequence,Exome,NA18984,"Japanese in Tokyo, Japan",http://www.1000genomes.org/about#g1k_data_reuse
ftp://ftp.sra.ebi.ac.uk/vol1/fastq/SRR081/SRR081231/SRR081231_2.fastq.gz,6c629d0e9395f6d7e80b65474f89f5f1,1000 Genomes on GRCh38,sequence,Exome,NA18968,"Japanese in Tokyo, Japan",http://www.1000genomes.org/about#g1k_data_reuse
ftp://ftp.sra.ebi.ac.uk/vol1/fastq/SRR081/SRR081248/SRR081248_2.fastq.gz,0fa029b2a86c25c652aadd2d1f6465dc,1000 Genomes on GRCh38,sequence,Exome,NA18974,"Japanese in Tokyo, Japan",http://www.1000genomes.org/about#g1k_data_reuse
ftp://ftp.sra.ebi.ac.uk/vol1/fastq/SRR081/SRR081257/SRR081257_1.fastq.gz,570674dcdd16aa13da9964c926aa45ac,1000 Genomes on GRCh38,sequence,Exome,NA19081,"Japanese in Tokyo, Japan",http://www.1000genomes.org/about#g1k_data_reuse
ftp://ftp.sra.ebi.ac.uk/vol1/fastq/SRR081/SRR081266/SRR081266_2.fastq.gz,9b6f397ba8afc4701c4ad1d72e5d96d4,1000 Genomes on GRCh38,sequence,Exome,NA18969,"Japanese in Tokyo, Japan",http://www.1000genomes.org/about#g1k_data_reuse
ftp://ftp.sra.ebi.ac.uk/vol1/fastq/SRR098/SRR098420/SRR098420_2.fastq.gz,3ac038d87b71d57aa12551f9fb899bd7,1000 Genomes on GRCh38,sequence,Exome,NA19064,"Japanese in Tokyo, Japan",http://www.1000genomes.org/about#g1k_data_reuse
ftp://ftp.sra.ebi.ac.uk/vol1/fastq/SRR098/SRR098421/SRR098421_2.fastq.gz,16ae5965533a6deb7d0142547407022e,1000 Genomes on GRCh38,sequence,Exome,NA18985,"Japanese in Tokyo, Japan",http://www.1000genomes.org/about#g1k_data_reuse
ftp://ftp.sra.ebi.ac.uk/vol1/fastq/SRR098/SRR098424/SRR098424_1.fastq.gz,1e37e4e773722e901ae2e3d56ed147b1,1000 Genomes on GRCh38,sequence,Exome,NA18985,"Japanese in Tokyo, Japan",http://www.1000genomes.org/about#g1k_data_reuse
ftp://ftp.sra.ebi.ac.uk/vol1/fastq/SRR098/SRR098427/SRR098427_2.fastq.gz,29438479d4ed65abacee13a56ba7c338,1000 Genomes on GRCh38,sequence,Exome,NA19067,"Japanese in Tokyo, Japan",http://www.1000genomes.org/about#g1k_data_reuse
ftp://ftp.sra.ebi.ac.uk/vol1/fastq/SRR099/SRR099525/SRR099525_1.fastq.gz,3362ad04405e5584829b7a9a80ba82a6,1000 Genomes on GRCh38,sequence,Exome,NA19060,"Japanese in Tokyo, Japan",http://www.1000genomes.org/about#g1k_data_reuse
ftp://ftp.sra.ebi.ac.uk/vol1/fastq/SRR099/SRR099526/SRR099526_1.fastq.gz,0cb4a8d12ab01d803e0694f085113a5e,1000 Genomes on GRCh38,sequence,Exome,NA19065,"Japanese in Tokyo, Japan",http://www.1000genomes.org/about#g1k_data_reuse
ftp://ftp.sra.ebi.ac.uk/vol1/fastq/SRR099/SRR099528/SRR099528_2.fastq.gz,6f699d3d6a267c28f9eb77a5bacd8f27,1000 Genomes on GRCh38,sequence,Exome,NA19000,"Japanese in Tokyo, Japan",http://www.1000genomes.org/about#g1k_data_reuse
ftp://ftp.sra.ebi.ac.uk/vol1/fastq/SRR099/SRR099533/SRR099533_1.fastq.gz,150643083be42a0f7686f94090b89a07,1000 Genomes on GRCh38,sequence,Exome,NA18960,"Japanese in Tokyo, Japan",http://www.1000genomes.org/about#g1k_data_reuse
ftp://ftp.sra.ebi.ac.uk/vol1/fastq/SRR099/SRR099536/SRR099536_1.fastq.gz,9b30a60d6b064c4d3a633bc0ec4dd077,1000 Genomes on GRCh38,sequence,Exome,NA19059,"Japanese in Tokyo, Japan",http://www.1000genomes.org/about#g1k_data_reuse
ftp://ftp.sra.ebi.ac.uk/vol1/fastq/SRR099/SRR099537/SRR099537_1.fastq.gz,55d4a1f22021b33719cb85bc99b4172c,1000 Genomes on GRCh38,sequence,Exome,NA19066,"Japanese in Tokyo, Japan",http://www.1000genomes.org/about#g1k_data_reuse
ftp://ftp.sra.ebi.ac.uk/vol1/fastq/SRR099/SRR099539/SRR099539_2.fastq.gz,ca7400f37b02520469aaaf0653b33fee,1000 Genomes on GRCh38,sequence,Exome,NA18964,"Japanese in Tokyo, Japan",http://www.1000genomes.org/about#g1k_data_reuse
ftp://ftp.sra.ebi.ac.uk/vol1/fastq/SRR099/SRR099543/SRR099543_2.fastq.gz,bc41b1e5b1cee46ac70c6b7ec3f0d174,1000 Genomes on GRCh38,sequence,Exome,NA19063,"Japanese in Tokyo, Japan",http://www.1000genomes.org/about#g1k_data_reuse
ftp://ftp.sra.ebi.ac.uk/vol1/fastq/SRR099/SRR099546/SRR099546_1.fastq.gz,a6a4e0b3e1b0aa8df3036bd6cc4d16d6,1000 Genomes on GRCh38,sequence,Exome,NA18953,"Japanese in Tokyo, Japan",http://www.1000genomes.org/about#g1k_data_reuse
ftp://ftp.sra.ebi.ac.uk/vol1/fastq/SRR099/SRR099549/SRR099549_2.fastq.gz,8ed45af9d6477f74ef7ea0d19181fa0d,1000 Genomes on GRCh38,sequence,Exome,NA19007,"Japanese in Tokyo, Japan",http://www.1000genomes.org/about#g1k_data_reuse
ftp://ftp.sra.ebi.ac.uk/vol1/fastq/SRR101/SRR101151/SRR101151_1.fastq.gz,24480e734c1f5337a5947f446012bb37,1000 Genomes on GRCh38,sequence,Exome,NA18985,"Japanese in Tokyo, Japan",http://www.1000genomes.org/about#g1k_data_reuse
ftp://ftp.sra.ebi.ac.uk/vol1/fastq/SRR101/SRR101154/SRR101154_2.fastq.gz,a891628a7ed001d44a6e19a7bcc4fc06,1000 Genomes on GRCh38,sequence,Exome,NA18985,"Japanese in Tokyo, Japan",http://www.1000genomes.org/about#g1k_data_reuse
ftp://ftp.sra.ebi.ac.uk/vol1/fastq/SRR101/SRR101157/SRR101157_1.fastq.gz,6697152282e6131eb8103d14db893f69,1000 Genomes on GRCh38,sequence,Exome,NA18985,"Japanese in Tokyo, Japan",http://www.1000genomes.org/about#g1k_data_reuse
ftp://ftp.sra.ebi.ac.uk/vol1/fastq/SRR101/SRR101158/SRR101158_1.fastq.gz,afcb7469e6e7be41a7a2f8e317fd7662,1000 Genomes on GRCh38,sequence,Exome,NA18985,"Japanese in Tokyo, Japan",http://www.1000genomes.org/about#g1k_data_reuse
ftp://ftp.sra.ebi.ac.uk/vol1/fastq/ERR034/ERR034597/ERR034597_2.fastq.gz,5109d2c373e651e29d5f2907c0d28f89,1000 Genomes on GRCh38,sequence,Exome,NA18942,"Japanese in Tokyo, Japan",http://www.1000genomes.org/about#g1k_data_reuse
ftp://ftp.sra.ebi.ac.uk/vol1/fastq/ERR034/ERR034600/ERR034600_1.fastq.gz,d1b987867bae76ffc9018fd341491e8f,1000 Genomes on GRCh38,sequence,Exome,NA18945,"Japanese in Tokyo, Japan",http://www.1000genomes.org/about#g1k_data_reuse
ftp://ftp.sra.ebi.ac.uk/vol1/fastq/ERR034/ERR034601/ERR034601_1.fastq.gz,f4365fba8a4f99597004cb3a85a34a1d,1000 Genomes on GRCh38,sequence,Exome,NA18947,"Japanese in Tokyo, Japan",http://www.1000genomes.org/about#g1k_data_reuse
ftp://ftp.sra.ebi.ac.uk/vol1/fastq/ERR034/ERR034603/ERR034603_2.fastq.gz,c8414361045119b9dcd5d2da4e1aa532,1000 Genomes on GRCh38,sequence,Exome,NA18949,"Japanese in Tokyo, Japan",http://www.1000genomes.org/about#g1k_data_reuse
ftp://ftp.sra.ebi.ac.uk/vol1/fastq/ERR034/ERR034607/ERR034607_1.fastq.gz,8c84eeaba37ad9edfdceb4408b3152b8,1000 Genomes on GRCh38,sequence,Exome,NA19088,"Japanese in Tokyo, Japan",http://www.1000genomes.org/about#g1k_data_reuse
ftp://ftp.sra.ebi.ac.uk/vol1/fastq/ERR034/ERR034596/ERR034596_1.fastq.gz,8d6b51f9944fffeb9e27a8732707bbd2,1000 Genomes on GRCh38,sequence,Exome,NA18940,"Japanese in Tokyo, Japan",http://www.1000genomes.org/about#g1k_data_reuse
ftp://ftp.sra.ebi.ac.uk/vol1/fastq/ERR034/ERR034598/ERR034598_2.fastq.gz,b84f8d8f388e862ba319a0d295aabf49,1000 Genomes on GRCh38,sequence,Exome,NA18943,"Japanese in Tokyo, Japan",http://www.1000genomes.org/about#g1k_data_reuse
ftp://ftp.sra.ebi.ac.uk/vol1/fastq/ERR034/ERR034602/ERR034602_1.fastq.gz,42d73cf750c8c15f25343fb8af032fc9,1000 Genomes on GRCh38,sequence,Exome,NA18948,"Japanese in Tokyo, Japan",http://www.1000genomes.org/about#g1k_data_reuse
ftp://ftp.sra.ebi.ac.uk/vol1/fastq/ERR034/ERR034604/ERR034604_2.fastq.gz,11dd54b2fd5862adb0af545b7454aab0,1000 Genomes on GRCh38,sequence,Exome,NA18951,"Japanese in Tokyo, Japan",http://www.1000genomes.org/about#g1k_data_reuse
ftp://ftp.sra.ebi.ac.uk/vol1/fastq/ERR034/ERR034598/ERR034598_1.fastq.gz,5c8ed61863739531a01987560621bf4f,1000 Genomes on GRCh38,sequence,Exome,NA18943,"Japanese in Tokyo, Japan",http://www.1000genomes.org/about#g1k_data_reuse
ftp://ftp.sra.ebi.ac.uk/vol1/fastq/ERR034/ERR034600/ERR034600_2.fastq.gz,2c1b899a35471dcf633a53f0a2c32021,1000 Genomes on GRCh38,sequence,Exome,NA18945,"Japanese in Tokyo, Japan",http://www.1000genomes.org/about#g1k_data_reuse
ftp://ftp.sra.ebi.ac.uk/vol1/fastq/ERR034/ERR034601/ERR034601_2.fastq.gz,5ed1a7eeea43d6cb8d561a0a353e5b5e,1000 Genomes on GRCh38,sequence,Exome,NA18947,"Japanese in Tokyo, Japan",http://www.1000genomes.org/about#g1k_data_reuse
ftp://ftp.sra.ebi.ac.uk/vol1/fastq/ERR034/ERR034604/ERR034604_1.fastq.gz,dfa0facab72bb2d404e89586ebb7cf52,1000 Genomes on GRCh38,sequence,Exome,NA18951,"Japanese in Tokyo, Japan",http://www.1000genomes.org/about#g1k_data_reuse
ftp://ftp.sra.ebi.ac.uk/vol1/fastq/ERR034/ERR034607/ERR034607_2.fastq.gz,6a37f739909f2de53b346ac19091ff37,1000 Genomes on GRCh38,sequence,Exome,NA19088,"Japanese in Tokyo, Japan",http://www.1000genomes.org/about#g1k_data_reuse
ftp://ftp.sra.ebi.ac.uk/vol1/fastq/SRR816/SRR816280/SRR816280_1.fastq.gz,ae546deef5eedeebf3d113d89b66e1cd,1000 Genomes on GRCh38,sequence,Exome,NA18955,"Japanese in Tokyo, Japan",http://www.1000genomes.org/about#g1k_data_reuse
ftp://ftp.sra.ebi.ac.uk/vol1/fastq/SRR071/SRR071116/SRR071116_2.fastq.gz,5a31d0488ff5d5c18fcfe6766519e3c1,1000 Genomes on GRCh38,sequence,Exome,NA18970,"Japanese in Tokyo, Japan",http://www.1000genomes.org/about#g1k_data_reuse
ftp://ftp.sra.ebi.ac.uk/vol1/fastq/SRR071/SRR071127/SRR071127_1.fastq.gz,0c707b5d8ade30d4ba9deceed77be2d3,1000 Genomes on GRCh38,sequence,Exome,NA18970,"Japanese in Tokyo, Japan",http://www.1000genomes.org/about#g1k_data_reuse
ftp://ftp.sra.ebi.ac.uk/vol1/fastq/SRR071/SRR071134/SRR071134_1.fastq.gz,2f7d0e0eb20c640e912dce3516fd3a54,1000 Genomes on GRCh38,sequence,Exome,NA19085,"Japanese in Tokyo, Japan",http://www.1000genomes.org/about#g1k_data_reuse
ftp://ftp.sra.ebi.ac.uk/vol1/fastq/SRR071/SRR071165/SRR071165_2.fastq.gz,58a9c723d138b695698e9833ed0f40d5,1000 Genomes on GRCh38,sequence,Exome,NA19085,"Japanese in Tokyo, Japan",http://www.1000genomes.org/about#g1k_data_reuse
ftp://ftp.sra.ebi.ac.uk/vol1/fastq/SRR071/SRR071169/SRR071169_1.fastq.gz,442f12ebca22dc9f0e8077539749219e,1000 Genomes on GRCh38,sequence,Exome,NA19080,"Japanese in Tokyo, Japan",http://www.1000genomes.org/about#g1k_data_reuse
ftp://ftp.sra.ebi.ac.uk/vol1/fastq/SRR071/SRR071171/SRR071171_2.fastq.gz,81e51f86acee5714c575d2fd03525e50,1000 Genomes on GRCh38,sequence,Exome,NA19075,"Japanese in Tokyo, Japan",http://www.1000genomes.org/about#g1k_data_reuse
ftp://ftp.sra.ebi.ac.uk/vol1/fastq/SRR071/SRR071175/SRR071175_1.fastq.gz,393e493d0d36e6b27527c870fdf89523,1000 Genomes on GRCh38,sequence,Exome,NA18966,"Japanese in Tokyo, Japan",http://www.1000genomes.org/about#g1k_data_reuse
ftp://ftp.sra.ebi.ac.uk/vol1/fastq/SRR071/SRR071192/SRR071192_1.fastq.gz,0320eec9e27d6812cab019e2badbdebd,1000 Genomes on GRCh38,sequence,Exome,NA18967,"Japanese in Tokyo, Japan",http://www.1000genomes.org/about#g1k_data_reuse
ftp://ftp.sra.ebi.ac.uk/vol1/fastq/SRR077/SRR077442/SRR077442_2.fastq.gz,15ff75e57ef5683c76225693672d9e26,1000 Genomes on GRCh38,sequence,Exome,NA19074,"Japanese in Tokyo, Japan",http://www.1000genomes.org/about#g1k_data_reuse
ftp://ftp.sra.ebi.ac.uk/vol1/fastq/SRR077/SRR077451/SRR077451_1.fastq.gz,884130169f6a5c5906da88f4848d5397,1000 Genomes on GRCh38,sequence,Exome,NA18976,"Japanese in Tokyo, Japan",http://www.1000genomes.org/about#g1k_data_reuse
ftp://ftp.sra.ebi.ac.uk/vol1/fastq/SRR077/SRR077454/SRR077454_2.fastq.gz,d07e2abae26584d3701f04c82c69a4b5,1000 Genomes on GRCh38,sequence,Exome,NA18990,"Japanese in Tokyo, Japan",http://www.1000genomes.org/about#g1k_data_reuse
ftp://ftp.sra.ebi.ac.uk/vol1/fastq/SRR077/SRR077466/SRR077466_2.fastq.gz,56debf1ad17dc123a855c209b9ec6093,1000 Genomes on GRCh38,sequence,Exome,NA19072,"Japanese in Tokyo, Japan",http://www.1000genomes.org/about#g1k_data_reuse
ftp://ftp.sra.ebi.ac.uk/vol1/fastq/SRR077/SRR077491/SRR077491_2.fastq.gz,e89312d43f26dd4f954311830281af70,1000 Genomes on GRCh38,sequence,Exome,NA18987,"Japanese in Tokyo, Japan",http://www.1000genomes.org/about#g1k_data_reuse
ftp://ftp.sra.ebi.ac.uk/vol1/fastq/SRR077/SRR077853/SRR077853_2.fastq.gz,1b9f7ce8d96675a2617708dd585f0f3d,1000 Genomes on GRCh38,sequence,Exome,NA18987,"Japanese in Tokyo, Japan",http://www.1000genomes.org/about#g1k_data_reuse
ftp://ftp.sra.ebi.ac.uk/vol1/fastq/SRR715/SRR715906/SRR715906_1.fastq.gz,cb91c211ba096118243990d4f6d96bdb,1000 Genomes on GRCh38,sequence,Exome,NA19005,"Japanese in Tokyo, Japan",http://www.1000genomes.org/about#g1k_data_reuse
ftp://ftp.sra.ebi.ac.uk/vol1/fastq/SRR715/SRR715908/SRR715908_2.fastq.gz,698bd7147863a27f25470b07be04a7b1,1000 Genomes on GRCh38,sequence,Exome,NA19010,"Japanese in Tokyo, Japan",http://www.1000genomes.org/about#g1k_data_reuse
ftp://ftp.sra.ebi.ac.uk/vol1/fastq/SRR716/SRR716429/SRR716429_2.fastq.gz,5cfee50c84cc0aefccb02d7d2b8491a5,1000 Genomes on GRCh38,sequence,Exome,NA19002,"Japanese in Tokyo, Japan",http://www.1000genomes.org/about#g1k_data_reuse
ftp://ftp.sra.ebi.ac.uk/vol1/fastq/SRR716/SRR716651/SRR716651_2.fastq.gz,0b768296f2452ada9ec69b403768a619,1000 Genomes on GRCh38,sequence,Exome,NA18979,"Japanese in Tokyo, Japan",http://www.1000genomes.org/about#g1k_data_reuse
ftp://ftp.sra.ebi.ac.uk/vol1/fastq/SRR716/SRR716652/SRR716652_2.fastq.gz,4509b730d4fcab1cb9b27210e6929e0c,1000 Genomes on GRCh38,sequence,Exome,NA18980,"Japanese in Tokyo, Japan",http://www.1000genomes.org/about#g1k_data_reuse
ftp://ftp.sra.ebi.ac.uk/vol1/fastq/SRR718/SRR718070/SRR718070_1.fastq.gz,17b20cca864aa95c326b765fb59f366f,1000 Genomes on GRCh38,sequence,Exome,NA19009,"Japanese in Tokyo, Japan",http://www.1000genomes.org/about#g1k_data_reuse
ftp://ftp.sra.ebi.ac.uk/vol1/fastq/SRR748/SRR748282/SRR748282_1.fastq.gz,c72063c2a43ab3ca8f08ffe3a5624178,1000 Genomes on GRCh38,sequence,Exome,NA19086,"Japanese in Tokyo, Japan",http://www.1000genomes.org/about#g1k_data_reuse
ftp://ftp.sra.ebi.ac.uk/vol1/fastq/SRR764/SRR764744/SRR764744_2.fastq.gz,c56fb98477c1f453e2cae9896b5da5c6,1000 Genomes on GRCh38,sequence,Exome,NA18954,"Japanese in Tokyo, Japan",http://www.1000genomes.org/about#g1k_data_reuse
ftp://ftp.sra.ebi.ac.uk/vol1/fastq/SRR764/SRR764771/SRR764771_2.fastq.gz,11ad371859ee812a1aeeec75948653e3,1000 Genomes on GRCh38,sequence,Exome,NA18965,"Japanese in Tokyo, Japan",http://www.1000genomes.org/about#g1k_data_reuse
ftp://ftp.sra.ebi.ac.uk/vol1/fastq/SRR764/SRR764775/SRR764775_1.fastq.gz,8f22face20d74d6458de74605fb9129a,1000 Genomes on GRCh38,sequence,Exome,NA18995,"Japanese in Tokyo, Japan",http://www.1000genomes.org/about#g1k_data_reuse
ftp://ftp.sra.ebi.ac.uk/vol1/fastq/SRR766/SRR766029/SRR766029_2.fastq.gz,0785b3440c90048f9b414d6e747102dd,1000 Genomes on GRCh38,sequence,Exome,NA18941,"Japanese in Tokyo, Japan",http://www.1000genomes.org/about#g1k_data_reuse
ftp://ftp.sra.ebi.ac.uk/vol1/fastq/ERR250/ERR250252/ERR250252_2.fastq.gz,5d634870796096f1116e78cc36cd0a8c,1000 Genomes on GRCh38,sequence,Exome,NA19090,"Japanese in Tokyo, Japan",http://www.1000genomes.org/about#g1k_data_reuse
ftp://ftp.sra.ebi.ac.uk/vol1/fastq/ERR250/ERR250253/ERR250253_2.fastq.gz,b9b6fd3359eca4802f1ca598863918b6,1000 Genomes on GRCh38,sequence,Exome,NA19091,"Japanese in Tokyo, Japan",http://www.1000genomes.org/about#g1k_data_reuse
ftp://ftp.sra.ebi.ac.uk/vol1/fastq/ERR250/ERR250251/ERR250251_1.fastq.gz,d3d5a83862a6a04cdc9195c9fb371ba3,1000 Genomes on GRCh38,sequence,Exome,NA19089,"Japanese in Tokyo, Japan",http://www.1000genomes.org/about#g1k_data_reuse
ftp://ftp.sra.ebi.ac.uk/vol1/fastq/SRR702/SRR702079/SRR702079_1.fastq.gz,22fa3c0d98ce8dc4a18253033307c372,1000 Genomes on GRCh38,sequence,Exome,NA18993,"Japanese in Tokyo, Japan",http://www.1000genomes.org/about#g1k_data_reuse
ftp://ftp.sra.ebi.ac.uk/vol1/fastq/ERR250/ERR250954/ERR250954_1.fastq.gz,57d599b466ef9e5617f1d31a87e3f594,1000 Genomes on GRCh38,sequence,Exome,NA19011,"Japanese in Tokyo, Japan",http://www.1000genomes.org/about#g1k_data_reuse
ftp://ftp.sra.ebi.ac.uk/vol1/fastq/ERR250/ERR250962/ERR250962_2.fastq.gz,d8b45c8790bf6a0191679a5298e9987e,1000 Genomes on GRCh38,sequence,Exome,NA19089,"Japanese in Tokyo, Japan",http://www.1000genomes.org/about#g1k_data_reuse
ftp://ftp.sra.ebi.ac.uk/vol1/fastq/ERR250/ERR250963/ERR250963_2.fastq.gz,e0f4f25322571de1d53c54e60f3f062f,1000 Genomes on GRCh38,sequence,Exome,NA19090,"Japanese in Tokyo, Japan",http://www.1000genomes.org/about#g1k_data_reuse
ftp://ftp.sra.ebi.ac.uk/vol1/fastq/ERR250/ERR250955/ERR250955_1.fastq.gz,817917aed8c56844de5a47b31576e078,1000 Genomes on GRCh38,sequence,Exome,NA19011,"Japanese in Tokyo, Japan",http://www.1000genomes.org/about#g1k_data_reuse
ftp://ftp.sra.ebi.ac.uk/vol1/fastq/ERR250/ERR250964/ERR250964_2.fastq.gz,4c5ff70b75fd16685794ccda917be712,1000 Genomes on GRCh38,sequence,Exome,NA19091,"Japanese in Tokyo, Japan",http://www.1000genomes.org/about#g1k_data_reuse
ftp://ftp.sra.ebi.ac.uk/vol1/fastq/ERR250/ERR250954/ERR250954_2.fastq.gz,e85b361933ce1f6d6ae52ae559adea2a,1000 Genomes on GRCh38,sequence,Exome,NA19011,"Japanese in Tokyo, Japan",http://www.1000genomes.org/about#g1k_data_reuse
ftp://ftp.sra.ebi.ac.uk/vol1/fastq/ERR250/ERR250964/ERR250964_1.fastq.gz,28d0632f15c9c0c6020bad8d4c2cebfb,1000 Genomes on GRCh38,sequence,Exome,NA19091,"Japanese in Tokyo, Japan",http://www.1000genomes.org/about#g1k_data_reuse
ftp://ftp.sra.ebi.ac.uk/vol1/fastq/ERR034/ERR034596/ERR034596_2.fastq.gz,9ab29ce68d19d864cb3a11786750d6ef,1000 Genomes on GRCh38,sequence,Exome,NA18940,"Japanese in Tokyo, Japan",http://www.1000genomes.org/about#g1k_data_reuse
ftp://ftp.sra.ebi.ac.uk/vol1/fastq/ERR034/ERR034599/ERR034599_1.fastq.gz,7639111f054a4f6d1cc0fddaa530428d,1000 Genomes on GRCh38,sequence,Exome,NA18944,"Japanese in Tokyo, Japan",http://www.1000genomes.org/about#g1k_data_reuse
ftp://ftp.sra.ebi.ac.uk/vol1/fastq/ERR034/ERR034602/ERR034602_2.fastq.gz,14dbbf0e864a672de1b67277876667bd,1000 Genomes on GRCh38,sequence,Exome,NA18948,"Japanese in Tokyo, Japan",http://www.1000genomes.org/about#g1k_data_reuse
ftp://ftp.sra.ebi.ac.uk/vol1/fastq/ERR034/ERR034605/ERR034605_1.fastq.gz,0275746c59014000eb1988b91f48fadb,1000 Genomes on GRCh38,sequence,Exome,NA18952,"Japanese in Tokyo, Japan",http://www.1000genomes.org/about#g1k_data_reuse
ftp://ftp.sra.ebi.ac.uk/vol1/fastq/ERR034/ERR034606/ERR034606_1.fastq.gz,7bb000918572354a12b58de8d4965d23,1000 Genomes on GRCh38,sequence,Exome,NA19087,"Japanese in Tokyo, Japan",http://www.1000genomes.org/about#g1k_data_reuse
ftp://ftp.sra.ebi.ac.uk/vol1/fastq/ERR250/ERR250251/ERR250251_2.fastq.gz,52a82ca077f38989696637bb9590b94e,1000 Genomes on GRCh38,sequence,Exome,NA19089,"Japanese in Tokyo, Japan",http://www.1000genomes.org/about#g1k_data_reuse
ftp://ftp.sra.ebi.ac.uk/vol1/fastq/ERR250/ERR250952/ERR250952_1.fastq.gz,e5326f3052311cc5524ba19631808b92,1000 Genomes on GRCh38,sequence,Exome,NA19006,"Japanese in Tokyo, Japan",http://www.1000genomes.org/about#g1k_data_reuse
ftp://ftp.sra.ebi.ac.uk/vol1/fastq/ERR250/ERR250953/ERR250953_1.fastq.gz,efce70a06dff297c0130ebeee64088ae,1000 Genomes on GRCh38,sequence,Exome,NA19006,"Japanese in Tokyo, Japan",http://www.1000genomes.org/about#g1k_data_reuse
ftp://ftp.sra.ebi.ac.uk/vol1/fastq/ERR250/ERR250955/ERR250955_2.fastq.gz,5194d73586b773117c4010b212a2f2d5,1000 Genomes on GRCh38,sequence,Exome,NA19011,"Japanese in Tokyo, Japan",http://www.1000genomes.org/about#g1k_data_reuse
